Concept,UW-58 Colors,True Rating,Top50_Ball,Top50_Sector,Top50_Sector+Category,Photo50_Ball,Photo50_Sector,Photo50_Sector+Category,Cartoon50_Ball,Cartoon50_Sector,Cartoon50_Sector+Category,Lin et al
mango,1,0.111435185,0.167353223,0.155926866,0.14720447,0.165105865,0.156929052,0.147629053,0.192338856,0.16294294,0.162955021,0.002680126
mango,2,0.076203704,0.170337713,0.147963319,0.142477205,0.174398865,0.148543831,0.142379116,0.182719027,0.153234957,0.156654552,0.001974774
mango,3,0.107685185,0.171008471,0.15195593,0.14496092,0.171330344,0.152040958,0.144551316,0.188827101,0.159334287,0.160657336,0.002475133
mango,4,0.108287037,0.132717942,0.155177357,0.146643321,0.131282578,0.154659867,0.145955658,0.154562767,0.160099524,0.160923631,0.002145103
mango,5,0.102314815,0.16978115,0.151047426,0.143555081,0.172857791,0.152694425,0.144335016,0.176265415,0.153262498,0.144990429,0.000743774
mango,6,0.115277778,0.171804896,0.155554379,0.146250051,0.173563648,0.156741926,0.146858217,0.178838831,0.159313443,0.149044156,0.000707107
mango,7,0.108888889,0.166203335,0.153783433,0.144983625,0.163652265,0.154133552,0.145075956,0.188630331,0.160331677,0.149375217,0.000208643
mango,8,0.111435185,0.170049795,0.158549553,0.147886214,0.172424591,0.160544892,0.149086613,0.172381311,0.153015234,0.144692402,0.000825981
mango,9,0.16,0.170594007,0.169695798,0.154533169,0.172849536,0.170852848,0.155471627,0.172691516,0.161090333,0.149481716,0.000726165
mango,10,0.148611111,0.170037222,0.197082581,0.17365132,0.172409078,0.1891537,0.169426508,0.171640141,0.215026509,0.186896303,0.001356651
mango,11,0.103564815,0.17013362,0.164367175,0.15179341,0.172414766,0.164890966,0.152045697,0.173755127,0.161717706,0.161983265,0.00364522
mango,12,0.095555556,0.170039453,0.158316274,0.148233629,0.172416587,0.16029195,0.149303529,0.171350767,0.153227515,0.156628483,0.00342438
mango,13,0.080277778,0.170038121,0.169480356,0.154921047,0.172412493,0.170347612,0.155496281,0.17232666,0.163114067,0.162528894,0.001576868
mango,14,0.068240741,0.170031333,0.15760402,0.14724759,0.172407255,0.156872968,0.14662288,0.171823929,0.150260775,0.142913877,0.000919355
mango,15,0.144768519,0.170031333,0.193988922,0.16884708,0.172407581,0.192741492,0.168685205,0.171056788,0.182127376,0.162140979,0.000887464
mango,16,0.124814815,0.170031333,0.145029486,0.142630657,0.172407255,0.1440066,0.141750923,0.171749783,0.151248528,0.146643212,0.000342308
mango,17,0.092777778,0.170031333,0.195066832,0.169602474,0.172407255,0.188002113,0.165821411,0.171042688,0.215419693,0.195586804,0.004113702
mango,18,0.082361111,0.170031333,0.144574304,0.139995856,0.172407255,0.143535324,0.138788433,0.171851154,0.148427235,0.153380849,0.00402703
mango,19,0.093564815,0.170031333,0.145019447,0.140218528,0.172407255,0.143997497,0.139040631,0.171438685,0.151427779,0.155067727,0.001470448
mango,20,0.093194444,0.170031333,0.141860228,0.138283648,0.172407255,0.141828726,0.137726585,0.171825317,0.146734143,0.152326925,0.00089957
mango,21,0.114398148,0.176897108,0.149903282,0.164319954,0.1751998,0.150814211,0.166682655,0.199895605,0.156389217,0.178599409,0.000371461
mango,22,0.110092593,0.135588545,0.148272252,0.142314076,0.132385361,0.148652551,0.142250928,0.161979227,0.157580378,0.159070853,0.001081007
mango,23,0.050601852,0.174725629,0.144524837,0.141650022,0.180404393,0.145598458,0.143281723,0.185007601,0.152864444,0.150655284,0.001497267
mango,24,0.066296296,0.184558571,0.146342217,0.142289349,0.189732253,0.147741965,0.14471405,0.195274558,0.157079477,0.157081742,0.002326881
mango,25,0.076805556,0.184837936,0.148453786,0.143597356,0.18217181,0.149263236,0.145560085,0.208975072,0.163280092,0.161530397,0.004066363
mango,26,0.143333333,0.145957732,0.160433298,0.147913854,0.14196039,0.159281365,0.149720126,0.168020838,0.219718267,0.193625388,0.004085361
mango,27,0.100138889,0.136741094,0.158752292,0.153670332,0.134250112,0.157142228,0.156116737,0.157898445,0.215902682,0.23284983,4.49E-06
mango,28,0.112175926,0.189015526,0.163057957,0.168378718,0.19736085,0.165666348,0.176856258,0.192310814,0.158810436,0.157022523,0.000623493
mango,29,0.222592593,0.195774116,0.169765648,0.159993548,0.197222363,0.170875796,0.160490134,0.198179492,0.16080917,0.15302151,0.00034681
mango,30,0.207361111,0.150919906,0.163950136,0.155532725,0.146505199,0.162620617,0.154580329,0.160445952,0.157436411,0.150772469,0.001455685
mango,31,0.185972222,0.193111041,0.194535669,0.176438523,0.191891315,0.193671939,0.17522926,0.178401201,0.1661875,0.156661714,0.00270422
mango,32,0.151898148,0.177356164,0.218013989,0.19000728,0.176623229,0.213160959,0.18671772,0.174419117,0.190411003,0.170841712,0.002333609
mango,33,0.177824074,0.183461364,0.167340873,0.175830914,0.187432168,0.169794145,0.179299054,0.193814252,0.175842505,0.192292488,0.019416558
mango,34,0.254305556,0.195229058,0.187612848,0.189375369,0.196260096,0.190079377,0.192785185,0.21104609,0.202858214,0.210351217,0.035310584
mango,35,0.166157407,0.195210846,0.190615343,0.189059368,0.190673804,0.191458541,0.191962079,0.237201288,0.259759568,0.243267518,0.019347468
mango,36,0.153888889,0.173847919,0.177452437,0.181545031,0.174981008,0.176657632,0.183265465,0.186200193,0.1845358,0.198019243,0.015803042
mango,37,0.157037037,0.206540581,0.214217008,0.200107402,0.218202594,0.228852618,0.217707876,0.210050707,0.182462108,0.173260209,0.035818666
mango,38,0.276851852,0.24095248,0.269509511,0.23361333,0.246237781,0.284164988,0.252265115,0.235577775,0.239207653,0.208425134,0.022609317
mango,39,0.338009259,0.20326783,0.271838127,0.345552379,0.199799275,0.281793385,0.352037941,0.218617499,0.298608855,0.381692583,0.006104999
mango,40,0.274537037,0.224534064,0.253765543,0.224654418,0.239896158,0.269124319,0.24255842,0.198539135,0.184808986,0.173904918,0.04086174
mango,41,0.542824074,0.273099223,0.32746962,0.275635112,0.281406487,0.341256867,0.291749503,0.222349484,0.237756933,0.207608,0.030174153
mango,42,0.428472222,0.241033173,0.310077826,0.35759292,0.237257791,0.318055449,0.361235975,0.242881873,0.232965285,0.262763317,0.003440286
mango,43,0.418703704,0.250582315,0.273743524,0.256371686,0.252806934,0.273409014,0.252316868,0.199621216,0.220517292,0.199411578,0.016807304
mango,44,0.174351852,0.210121235,0.257328244,0.242501442,0.204041113,0.2489525,0.234316037,0.18556806,0.240066313,0.210371467,0.014214618
mango,45,0.277268519,0.213353681,0.309201884,0.272109307,0.215958909,0.311869346,0.274576139,0.228496584,0.339944993,0.296048099,0.046790077
mango,46,0.274259259,0.247461065,0.309463093,0.271521289,0.248700458,0.310251769,0.273080201,0.309590099,0.35164164,0.302894474,0.03463935
mango,47,0.226666667,0.177732592,0.221672709,0.208943887,0.179101492,0.22131011,0.211354826,0.196475392,0.220702584,0.219907248,0.04414167
mango,48,0.221435185,0.182383099,0.220992001,0.208773998,0.184144595,0.220721667,0.211096647,0.199607382,0.227063918,0.223998654,0.036479713
mango,49,0.38037037,0.330220806,0.448481151,0.454419857,0.341270108,0.44841534,0.457244356,0.298589119,0.40818011,0.45219619,0.019112737
mango,50,0.535231481,0.402727306,0.444303894,0.450650721,0.396400426,0.439397444,0.45058998,0.419498183,0.419353321,0.458648141,0.013946563
mango,51,0.751805556,0.379697852,0.480950753,0.452791937,0.380391138,0.474799273,0.453307448,0.316190227,0.398130924,0.363182103,0.037958278
mango,52,0.618101852,0.415648405,0.469413668,0.445504441,0.410940594,0.457742079,0.442326491,0.401155157,0.406186086,0.368520947,0.049798812
mango,53,0.670231481,0.301065191,0.397409721,0.412308387,0.297191107,0.394844655,0.408949658,0.248396609,0.323683289,0.321675883,0.093168973
mango,54,0.315833333,0.220704443,0.257680133,0.248040601,0.213742911,0.253661085,0.240187737,0.198827521,0.218211544,0.197262146,0.019987285
mango,55,0.262083333,0.276273582,0.365875243,0.29995805,0.274766395,0.357608365,0.298914869,0.346865582,0.386331006,0.321821131,0.031465066
mango,56,0.197175926,0.17977877,0.210977868,0.208362849,0.18160411,0.212824293,0.209599422,0.194290455,0.259670997,0.246263674,0.038477333
mango,57,0.599814815,0.382765087,0.427592348,0.439258182,0.374110712,0.418420432,0.436160423,0.416036619,0.4060243,0.450490807,0.108071603
mango,58,0.854212963,0.388920335,0.444492066,0.429689404,0.377031593,0.43203177,0.425577906,0.411340321,0.400332125,0.364206849,0.110007353
watermelon,1,0.092314815,0.168277454,0.168811538,0.158172131,0.164006322,0.168037526,0.157906258,0.177136567,0.153273314,0.144789587,0.001889028
watermelon,2,0.067962963,0.184190484,0.163215176,0.155711018,0.182675881,0.162227221,0.15480682,0.194140269,0.15037681,0.144090296,0.001788976
watermelon,3,0.129814815,0.174312913,0.170791464,0.16045922,0.170742435,0.171341469,0.160889954,0.186321782,0.158032342,0.149109809,0.001582288
watermelon,4,0.11287037,0.151782157,0.155755048,0.150501061,0.149142344,0.156145525,0.150473689,0.134837901,0.154650768,0.146502433,0.000880189
watermelon,5,0.101527778,0.173105723,0.164211109,0.151193016,0.174726608,0.163119251,0.150431497,0.18234779,0.157330454,0.147166393,0.000690985
watermelon,6,0.185231481,0.170944602,0.173643172,0.157157146,0.171308815,0.17356415,0.157273185,0.189238764,0.16358112,0.151088814,0.000430309
watermelon,7,0.212083333,0.174794174,0.164251176,0.151001869,0.176860985,0.164146604,0.150793096,0.191130042,0.158799849,0.147033087,8.90E-05
watermelon,8,0.252685185,0.164608192,0.159951715,0.148932418,0.166870397,0.160957702,0.149018576,0.171926571,0.177868413,0.15949015,0.000832877
watermelon,9,0.38337963,0.170329085,0.171758459,0.156865693,0.172673912,0.173248592,0.157384946,0.182877079,0.192389114,0.169553489,0.000710223
watermelon,10,0.400972222,0.164125364,0.169900519,0.175283784,0.166315488,0.172838504,0.179234392,0.175997842,0.193934966,0.192935149,0.014740626
watermelon,11,0.076296296,0.164919996,0.170693453,0.160348078,0.166595482,0.169272641,0.159225479,0.169120915,0.164333365,0.152566257,0.002481121
watermelon,12,0.075648148,0.163765858,0.155113836,0.149583099,0.165839669,0.154664833,0.149004394,0.168102856,0.163510403,0.151851807,0.002432686
watermelon,13,0.089537037,0.163632143,0.163334371,0.154802267,0.165846022,0.161999823,0.153840174,0.168096335,0.168604898,0.155372328,0.000455707
watermelon,14,0.088842593,0.163582822,0.154463804,0.144422355,0.16583934,0.155276537,0.144545313,0.166513719,0.166055487,0.151833908,0.000716218
watermelon,15,0.201944444,0.163591675,0.156582401,0.145836887,0.165840765,0.156257768,0.145181645,0.166534435,0.168468704,0.153562139,0.000610933
watermelon,16,0.283148148,0.163589784,0.140882712,0.15370211,0.16583934,0.139173035,0.155356265,0.166429799,0.157496064,0.168757547,0.002119552
watermelon,17,0.088101852,0.163592049,0.14888344,0.145460412,0.165838897,0.148804416,0.144953169,0.167250939,0.170143445,0.156643923,0.002859742
watermelon,18,0.101342593,0.163589784,0.140727466,0.140323628,0.16583934,0.139014281,0.138554854,0.166464796,0.149127494,0.142623618,0.002877266
watermelon,19,0.118009259,0.163589784,0.140730345,0.140326208,0.16583934,0.139016792,0.138557059,0.166438882,0.150606733,0.143670498,0.000471375
watermelon,20,0.144398148,0.163589784,0.134458055,0.136250199,0.16583934,0.134333641,0.135401745,0.166326912,0.147629473,0.141499637,0.000698288
watermelon,21,0.150416667,0.242832677,0.167329494,0.270063202,0.229388143,0.163490693,0.261454775,0.214752096,0.153351081,0.234687071,0.001597715
watermelon,22,0.116990741,0.184732878,0.156485531,0.150148609,0.17497004,0.152736389,0.147832332,0.146420082,0.150767309,0.143430358,0.001617224
watermelon,23,0.143240741,0.203385186,0.14387513,0.146400901,0.202557021,0.143442024,0.147205724,0.198058804,0.158771664,0.15825813,0.00251934
watermelon,24,0.101018519,0.236812914,0.148293249,0.143590076,0.229689185,0.148109269,0.143200692,0.21947109,0.167511522,0.160949604,0.001679965
watermelon,25,0.089166667,0.245975728,0.156982754,0.149359536,0.238058928,0.160240677,0.15128086,0.2229168,0.173394801,0.164322077,0.002630715
watermelon,26,0.160601852,0.194292119,0.159605002,0.149068312,0.188574137,0.161138594,0.150756907,0.161492997,0.218202776,0.192123236,0.002605422
watermelon,27,0.146064815,0.164677836,0.156095508,0.150439414,0.163498272,0.157463887,0.152946745,0.142190459,0.210509307,0.22369179,4.40E-06
watermelon,28,0.326527778,0.20813881,0.212185769,0.19495439,0.207129619,0.215422428,0.199170564,0.214927686,0.209546948,0.189042779,0.001309412
watermelon,29,0.51625,0.234921369,0.239768234,0.220684642,0.236494384,0.247396737,0.229078824,0.253993214,0.233676468,0.217142911,0.000542857
watermelon,30,0.380416667,0.201364851,0.222843302,0.209264163,0.202125621,0.229747682,0.217041012,0.186619787,0.223492814,0.20985297,0.010335858
watermelon,31,0.635277778,0.266884032,0.295900966,0.261036783,0.274982259,0.307110725,0.270459473,0.281237298,0.302111151,0.263482489,0.020963063
watermelon,32,0.523935185,0.235308642,0.271346913,0.245351013,0.241519899,0.277712154,0.250708145,0.237894076,0.31111855,0.269832933,0.021116443
watermelon,33,0.72375,0.265990289,0.273444482,0.338929679,0.261569152,0.268865216,0.332071718,0.232966419,0.232292028,0.288735762,0.049741198
watermelon,34,0.531435185,0.298796512,0.315543564,0.367702368,0.284880654,0.309381503,0.36011493,0.270213459,0.262230353,0.308855907,0.071713373
watermelon,35,0.319675926,0.26794127,0.279524174,0.343768225,0.255159554,0.273704047,0.33613859,0.256019195,0.291774144,0.326855704,0.039112233
watermelon,36,0.275833333,0.207429232,0.229497179,0.316459364,0.201265789,0.227801537,0.307845047,0.23222155,0.247061807,0.298670449,0.033781863
watermelon,37,0.18287037,0.266292042,0.25325546,0.22430375,0.26070507,0.256121022,0.228532422,0.239156715,0.188447144,0.178078833,0.009929173
watermelon,38,0.149027778,0.310635597,0.304653314,0.258000896,0.303847514,0.306911686,0.262649821,0.253016199,0.217098374,0.197205295,0.00628182
watermelon,39,0.150833333,0.256224095,0.278635208,0.241483148,0.248998801,0.278224871,0.240888003,0.185619371,0.260579771,0.221602425,0.003035761
watermelon,40,0.126527778,0.236501659,0.269555795,0.230828498,0.240659058,0.278710552,0.240847022,0.215906001,0.239218663,0.208393586,0.011135704
watermelon,41,0.20712963,0.298118763,0.315150947,0.260246432,0.306112917,0.326588747,0.272178451,0.295904659,0.265591751,0.225377938,0.007661589
watermelon,42,0.269305556,0.261780993,0.29684408,0.27051928,0.267732922,0.306887628,0.284248373,0.281590632,0.25661089,0.245554015,0.011921143
watermelon,43,0.528009259,0.31400834,0.322673174,0.341014729,0.324559331,0.329890137,0.352036985,0.345729015,0.323637499,0.356144195,0.058859676
watermelon,44,0.741111111,0.292404187,0.285261609,0.317201962,0.295880685,0.288625965,0.324767158,0.34436864,0.311843787,0.348402838,0.052820601
watermelon,45,0.51875,0.276922975,0.324127448,0.37191679,0.269315924,0.316754264,0.363995141,0.274597069,0.279788626,0.319850515,0.089393122
watermelon,46,0.361111111,0.257295796,0.287279272,0.348961023,0.251040231,0.280106978,0.340187841,0.270055414,0.264853069,0.309402448,0.061765439
watermelon,47,0.632175926,0.226742425,0.269256266,0.337330751,0.224637754,0.26430403,0.329371157,0.265249311,0.265379685,0.3104306,0.089300755
watermelon,48,0.539861111,0.210071565,0.255728931,0.329168522,0.207342661,0.251685435,0.321265519,0.252952752,0.255092542,0.303421962,0.072348896
watermelon,49,0.137824074,0.282464487,0.307357134,0.262760011,0.276915178,0.308000298,0.261866262,0.224503493,0.243579374,0.211577871,0.006943683
watermelon,50,0.116527778,0.259663945,0.280051955,0.243784978,0.256114377,0.279182394,0.242070868,0.228200669,0.243373746,0.210930141,0.004087382
watermelon,51,0.092407407,0.24973812,0.300415961,0.281456067,0.256393926,0.309978132,0.291335936,0.235514319,0.28363792,0.265562708,0.007931561
watermelon,52,0.14337963,0.229753979,0.288331964,0.273002836,0.233804337,0.29584995,0.281485638,0.222880258,0.28116282,0.263792037,0.003678416
watermelon,53,0.128935185,0.297593421,0.303299624,0.273553295,0.306303097,0.307757187,0.283870377,0.336969203,0.321092385,0.288467316,0.008061361
watermelon,54,0.680972222,0.272670445,0.264114759,0.303714661,0.276094981,0.265423839,0.309203478,0.311561538,0.280483998,0.328686201,0.064479763
watermelon,55,0.268935185,0.204296948,0.23225099,0.312354007,0.199602919,0.224025793,0.301786163,0.231396616,0.256827074,0.304752013,0.04843809
watermelon,56,0.511296296,0.178012942,0.177017786,0.276962705,0.177012944,0.170142679,0.266056951,0.228965294,0.2253676,0.283454051,0.073098301
watermelon,57,0.112268519,0.195868146,0.242471907,0.21822986,0.191250694,0.241307557,0.2154946,0.195385252,0.222219357,0.197110716,0.004085012
watermelon,58,0.115138889,0.172843913,0.213276399,0.222534009,0.174509115,0.214614805,0.225608273,0.171041691,0.246920185,0.242886931,0.004114242
honeydew,1,0.121666667,0.174490089,0.179021433,0.163801745,0.173238332,0.182607829,0.164719839,0.204368026,0.181753496,0.1785679,0.003606354
honeydew,2,0.106203704,0.175374615,0.150237964,0.146332949,0.170210241,0.151067092,0.14489395,0.197249786,0.167346238,0.16933067,0.005004744
honeydew,3,0.128981481,0.175689529,0.167085808,0.156881025,0.173133804,0.168563526,0.155821012,0.214259714,0.186141213,0.182217514,0.004020386
honeydew,4,0.127037037,0.152346253,0.168594699,0.157386224,0.146027748,0.169907562,0.15654211,0.215788527,0.19102866,0.1850658,0.002171265
honeydew,5,0.084768519,0.174496401,0.153570275,0.14613751,0.172939655,0.1539592,0.14562341,0.183830593,0.160274426,0.150202246,0.00086196
honeydew,6,0.098842593,0.174407708,0.182546794,0.16367065,0.173161371,0.182399453,0.16358033,0.198133185,0.184421475,0.165741366,0.000662831
honeydew,7,0.136435185,0.172270164,0.183176407,0.163432951,0.170707041,0.182996742,0.16358395,0.200558925,0.18904489,0.168410284,0.00014135
honeydew,8,0.093425926,0.170058691,0.153363124,0.145689589,0.171804668,0.149850979,0.142335677,0.170653129,0.148090666,0.141684328,0.000999703
honeydew,9,0.098611111,0.170797654,0.174476215,0.158709788,0.171947394,0.170530529,0.155484165,0.171170955,0.156956131,0.147043325,0.000844137
honeydew,10,0.112083333,0.169538986,0.14783227,0.146526597,0.171676072,0.145214158,0.144157181,0.170630841,0.153350474,0.149905237,0.001127127
honeydew,11,0.094953704,0.170694155,0.179677649,0.164507906,0.171811594,0.177119785,0.161014404,0.173239084,0.172394174,0.17209864,0.006449226
honeydew,12,0.093287037,0.170338519,0.153844876,0.148411153,0.171808216,0.149634121,0.143337089,0.171469982,0.149616721,0.157474028,0.007162811
honeydew,13,0.120277778,0.17070646,0.175055154,0.161475671,0.171797861,0.170326597,0.156496724,0.172010093,0.158320736,0.162730133,0.001493953
honeydew,14,0.100185185,0.170208593,0.144388464,0.139920724,0.171808587,0.14227558,0.137529126,0.170142942,0.146114076,0.140670598,0.000967893
honeydew,15,0.114722222,0.170383155,0.155855487,0.146804422,0.171777304,0.153075672,0.144164854,0.170142522,0.175092057,0.157637507,0.000873658
honeydew,16,0.103333333,0.169520464,0.140820632,0.14212007,0.17180061,0.139616217,0.140521289,0.170306667,0.144088024,0.144023623,0.000738669
honeydew,17,0.109537037,0.169965104,0.147718067,0.144575382,0.171817519,0.144267612,0.139935601,0.170384221,0.153737411,0.160051604,0.007419217
honeydew,18,0.115694444,0.169676167,0.140454675,0.14007449,0.171817519,0.139209994,0.136776712,0.170138144,0.143551348,0.153506294,0.007828555
honeydew,19,0.107222222,0.169812031,0.14082244,0.140321693,0.171817519,0.139597257,0.137036284,0.170138144,0.143652077,0.153585327,0.001271007
honeydew,20,0.116574074,0.169313823,0.139652664,0.139543812,0.171817519,0.139197852,0.136765514,0.170138144,0.143702781,0.153623529,0.000941874
honeydew,21,0.19625,0.189749266,0.162191546,0.260698731,0.187338064,0.165197442,0.276281282,0.231833657,0.154269013,0.219493725,0.000492305
honeydew,22,0.158518519,0.224755421,0.16364458,0.153981629,0.227928114,0.166978314,0.154084934,0.280056446,0.158992119,0.163348824,0.001258433
honeydew,23,0.061944444,0.179800845,0.146342429,0.146059701,0.175076698,0.145066875,0.144179015,0.183887627,0.149742177,0.147997848,0.002128039
honeydew,24,0.101435185,0.191093139,0.147920929,0.146532045,0.184282754,0.147102374,0.146703714,0.211543375,0.154024073,0.165658785,0.006867452
honeydew,25,0.122777778,0.216685538,0.146962595,0.145843614,0.21259059,0.146490332,0.146343242,0.2491453,0.163885825,0.172767995,0.011192759
honeydew,26,0.115231481,0.252650148,0.166461784,0.15155694,0.259325258,0.157503464,0.149527228,0.294277925,0.253645382,0.230069236,0.011163836
honeydew,27,0.143240741,0.216863208,0.164683282,0.169590036,0.220225961,0.155607651,0.158365111,0.261120182,0.249640771,0.279375888,4.45E-05
honeydew,28,0.083935185,0.189046559,0.154787629,0.165015046,0.18215829,0.154397394,0.166233591,0.198352286,0.152191508,0.151151295,0.000732847
honeydew,29,0.155787037,0.195281639,0.168713667,0.159763837,0.191451107,0.170933327,0.160544452,0.223131588,0.156505137,0.151886997,0.000481727
honeydew,30,0.159583333,0.181010064,0.166466252,0.157618859,0.18297747,0.169264712,0.159029285,0.228954451,0.159680128,0.153754029,0.00057462
honeydew,31,0.145,0.174388546,0.183104862,0.168882927,0.17577637,0.182318967,0.168188514,0.174434942,0.17067214,0.160862886,0.001363516
honeydew,32,0.108101852,0.170952024,0.15449424,0.150722447,0.173187655,0.15298144,0.149102419,0.173155126,0.169879912,0.159434613,0.001337883
honeydew,33,0.313425926,0.191567631,0.190279333,0.281525351,0.185606084,0.191000495,0.29553803,0.194778801,0.169906535,0.230378301,0.014150512
honeydew,34,0.48337963,0.314895801,0.343587792,0.387629317,0.325690929,0.364180536,0.415873117,0.259515401,0.256861648,0.286084431,0.045254689
honeydew,35,0.561712963,0.392791292,0.375317559,0.402676035,0.411545121,0.39500183,0.433325115,0.36988741,0.38181578,0.367055977,0.041277146
honeydew,36,0.362638889,0.213637414,0.212366512,0.299556574,0.214394536,0.213489528,0.313828895,0.223079602,0.207262605,0.257158368,0.022998947
honeydew,37,0.238009259,0.219226787,0.23447848,0.214632038,0.213568678,0.236451065,0.217941667,0.215826289,0.189786256,0.174976275,0.032694842
honeydew,38,0.291990741,0.364490121,0.446898346,0.346331346,0.368950721,0.45711111,0.359049557,0.286717124,0.311741583,0.251130614,0.023262914
honeydew,39,0.357453704,0.393803754,0.476621183,0.451838758,0.402095329,0.487301937,0.470435669,0.39498723,0.438413374,0.433495219,0.029975247
honeydew,40,0.17087963,0.205885923,0.1945911,0.192169455,0.20048123,0.195047707,0.193832294,0.189934368,0.176081229,0.166503418,0.036463132
honeydew,41,0.253425926,0.256278075,0.247553568,0.229384926,0.262492958,0.244163747,0.228528974,0.234302508,0.258403001,0.21927769,0.028713794
honeydew,42,0.293148148,0.33185803,0.236394548,0.23925642,0.343661185,0.235441109,0.236708873,0.30519192,0.26143693,0.247216427,0.000901458
honeydew,43,0.181342593,0.188474229,0.194082987,0.175628767,0.188351681,0.187963153,0.170719614,0.177084882,0.164685593,0.154476457,0.003319576
honeydew,44,0.12962963,0.172357427,0.153425909,0.148343954,0.173553572,0.14897571,0.144267221,0.173477915,0.156327557,0.148804601,0.003061073
honeydew,45,0.428888889,0.342610344,0.43084746,0.433709998,0.352368709,0.442416109,0.457409921,0.255990941,0.323611591,0.327406277,0.062215786
honeydew,46,0.612962963,0.420411413,0.444087225,0.440637462,0.432468353,0.46055693,0.467790544,0.344534836,0.350487595,0.344662371,0.065501053
honeydew,47,0.470972222,0.210264392,0.296475686,0.356687124,0.213681123,0.306185892,0.377051545,0.18868102,0.254158871,0.282206261,0.053858979
honeydew,48,0.523009259,0.244421453,0.299632272,0.358910294,0.249816137,0.310746194,0.380265264,0.229503673,0.264572294,0.289358181,0.055832778
honeydew,49,0.297962963,0.401593587,0.478772213,0.460684678,0.397116923,0.483412667,0.472511337,0.34249178,0.364078321,0.382787902,0.022992675
honeydew,50,0.431666667,0.464605746,0.48978314,0.466180941,0.469315763,0.500449068,0.4823305,0.439617864,0.391846898,0.400510172,0.049455031
honeydew,51,0.297083333,0.28065691,0.344844064,0.315271697,0.272727182,0.341883263,0.312299839,0.290597041,0.283173241,0.256646043,0.038681858
honeydew,52,0.379398148,0.345759318,0.339268407,0.312338338,0.342222721,0.340364253,0.312303194,0.324555563,0.291299006,0.262486508,0.027328102
honeydew,53,0.220462963,0.194548017,0.210229447,0.223204962,0.189847236,0.202848343,0.215450965,0.192844075,0.246198714,0.236806731,0.039327356
honeydew,54,0.113888889,0.172987211,0.153458862,0.149572335,0.173129988,0.146965089,0.143680042,0.172832458,0.1568928,0.150123845,0.003239879
honeydew,55,0.375277778,0.309277013,0.347966205,0.37846784,0.307235649,0.342030789,0.390517645,0.286211786,0.308244413,0.316007092,0.04985156
honeydew,56,0.446574074,0.207135106,0.241165546,0.312948615,0.213969378,0.24176762,0.326932419,0.183318875,0.17460642,0.233791111,0.053902447
honeydew,57,0.324814815,0.348645328,0.390655385,0.405969295,0.343501692,0.383811715,0.409232108,0.335827154,0.325669522,0.358834183,0.044925963
honeydew,58,0.31587963,0.241631573,0.305916423,0.287237137,0.224460188,0.294516035,0.278698898,0.294940861,0.281168091,0.255435887,0.058588533
cantaloupe,1,0.092037037,0.172419618,0.171525246,0.156950281,0.172897538,0.170345518,0.156573289,0.194227522,0.179711252,0.171279574,0.000484305
cantaloupe,2,0.094490741,0.171300842,0.159398266,0.150070787,0.17136389,0.161232152,0.151186877,0.194955397,0.15660827,0.157956192,0.002203561
cantaloupe,3,0.101944444,0.173922318,0.187965041,0.167442691,0.173376866,0.190218507,0.16941564,0.19822105,0.169562675,0.1655752,0.002759552
cantaloupe,4,0.070555556,0.161336897,0.188199584,0.166928888,0.146850174,0.190522063,0.169145904,0.140041612,0.170564155,0.165524772,0.000293325
cantaloupe,5,0.094537037,0.169778877,0.152876418,0.14494891,0.171244073,0.153855734,0.145329253,0.178703888,0.160208191,0.14923832,0.000752427
cantaloupe,6,0.133472222,0.172084974,0.169707883,0.155145433,0.172896979,0.168569391,0.154607332,0.185067718,0.174459142,0.158182828,0.000703341
cantaloupe,7,0.151666667,0.17129085,0.168349719,0.154026755,0.171615128,0.167217725,0.153535613,0.189929616,0.176044162,0.15846448,0.000180331
cantaloupe,8,0.102592593,0.170315245,0.152005105,0.144302215,0.172873665,0.151802371,0.143903134,0.171035765,0.152629825,0.144089396,0.000832363
cantaloupe,9,0.129074074,0.17030266,0.171330427,0.156051994,0.172880613,0.170917902,0.155951442,0.171339922,0.172868074,0.157044065,0.00072906
cantaloupe,10,0.094305556,0.170150069,0.150700238,0.156503543,0.172731259,0.150928015,0.152290283,0.170949567,0.15506786,0.14889803,0.001274524
cantaloupe,11,0.086666667,0.17082153,0.167770134,0.155184332,0.173082761,0.168209648,0.155514374,0.171020587,0.169200922,0.165049389,0.001604238
cantaloupe,12,0.078009259,0.170389286,0.152735816,0.145999309,0.172772769,0.152408462,0.145541362,0.171126235,0.152531752,0.154795212,0.002252062
cantaloupe,13,0.096851852,0.170287988,0.172015731,0.157712014,0.172693656,0.171484983,0.157557558,0.171118751,0.172635427,0.167658434,0.001201152
cantaloupe,14,0.081203704,0.170115919,0.148637318,0.142323965,0.172735545,0.149040484,0.142209011,0.17109635,0.148169259,0.141151388,0.000925078
cantaloupe,15,0.097175926,0.170157028,0.160961233,0.14967675,0.17272787,0.162744979,0.150728901,0.171114246,0.18014133,0.160834724,0.000888481
cantaloupe,16,0.107685185,0.170123041,0.141789216,0.150981121,0.172718185,0.141906437,0.146543845,0.171012446,0.145303351,0.142605689,0.000397704
cantaloupe,17,0.081018519,0.170095032,0.150715055,0.144661397,0.172723858,0.150920805,0.144481419,0.171109764,0.154614434,0.15618208,0.001871575
cantaloupe,18,0.0725,0.170009858,0.141340886,0.138810468,0.172718416,0.141451257,0.138417565,0.171078124,0.144766521,0.149827588,0.002214555
cantaloupe,19,0.092962963,0.170009053,0.141652596,0.139011048,0.172717059,0.141787425,0.138634113,0.171099098,0.145239806,0.150150819,0.001355291
cantaloupe,20,0.092453704,0.170005811,0.140996277,0.138639339,0.172717872,0.141093202,0.13822128,0.17104629,0.144622523,0.149728148,0.000903247
cantaloupe,21,0.123564815,0.198953962,0.183118968,0.179726651,0.202473971,0.185757096,0.180761483,0.226803418,0.161473421,0.231275743,0.000750878
cantaloupe,22,0.112824074,0.215776917,0.181946036,0.163324549,0.199302902,0.184529636,0.165483919,0.188161596,0.163087837,0.161707075,0.000630693
cantaloupe,23,0.072314815,0.172782368,0.142138334,0.140371111,0.173639069,0.142222395,0.140334497,0.191820272,0.153794853,0.154440035,0.002555506
cantaloupe,24,0.078888889,0.190517315,0.143148301,0.144752247,0.193405411,0.143452303,0.144601949,0.215413532,0.157061486,0.16294448,0.003602436
cantaloupe,25,0.12462963,0.275265208,0.145981174,0.146492834,0.271853563,0.146396782,0.146500774,0.258555699,0.16537513,0.168126446,0.006977069
cantaloupe,26,0.152453704,0.286741697,0.159222188,0.151306093,0.265597869,0.155716614,0.150119585,0.214721348,0.204435721,0.186178024,0.007012998
cantaloupe,27,0.099537037,0.226116471,0.158452833,0.163074354,0.20447766,0.154730243,0.155811533,0.181845625,0.201489417,0.214114874,1.15E-05
cantaloupe,28,0.139305556,0.181543485,0.157431604,0.192292278,0.18373613,0.159814554,0.201972778,0.201199788,0.15984385,0.161427678,0.000369782
cantaloupe,29,0.225324074,0.243264301,0.185391685,0.177872107,0.242642946,0.188319643,0.176102539,0.214815395,0.166296899,0.156425519,0.000310373
cantaloupe,30,0.216388889,0.272446493,0.18352483,0.176588464,0.253391178,0.18627463,0.174725364,0.170701031,0.166493652,0.156360862,0.001362241
cantaloupe,31,0.186342593,0.170950106,0.168533618,0.167807541,0.172973426,0.169574191,0.16437785,0.180171103,0.173032563,0.160784714,0.002263453
cantaloupe,32,0.125462963,0.170374946,0.156718203,0.16023983,0.172909558,0.157391724,0.156418774,0.174477791,0.173466063,0.160697428,0.002044917
cantaloupe,33,0.209398148,0.183350287,0.162147807,0.16791187,0.187065586,0.165240762,0.16880744,0.213863259,0.18942332,0.24968082,0.012215208
cantaloupe,34,0.267916667,0.270025717,0.199106387,0.192553306,0.267921351,0.194735061,0.188523812,0.278752763,0.281603029,0.309600992,0.034567219
cantaloupe,35,0.316481481,0.311816557,0.207997248,0.195835113,0.297750859,0.198089112,0.189188522,0.355017067,0.331740406,0.334532259,0.025216904
cantaloupe,36,0.205416667,0.171911683,0.174281512,0.175132518,0.1736474,0.173051519,0.173229475,0.206154809,0.214768735,0.266403255,0.016760154
cantaloupe,37,0.209212963,0.219588702,0.234131207,0.24161573,0.224726074,0.243828745,0.256821556,0.231679124,0.207689497,0.191426697,0.039513653
cantaloupe,38,0.369351852,0.368837113,0.444414885,0.369979624,0.362286929,0.439318847,0.380671307,0.340934442,0.372049751,0.295622868,0.028873003
cantaloupe,39,0.424861111,0.384746704,0.453876449,0.376854277,0.366816926,0.441026778,0.382693207,0.347395162,0.426033356,0.405896103,0.035333253
cantaloupe,40,0.285972222,0.21268895,0.236854487,0.242842126,0.217934931,0.244146878,0.257240019,0.206428882,0.190831691,0.180456915,0.043750998
cantaloupe,41,0.557037037,0.383984428,0.412241339,0.357804419,0.385904774,0.418742528,0.372554175,0.282650174,0.305393724,0.255159709,0.034144083
cantaloupe,42,0.569212963,0.437422579,0.406733373,0.471978081,0.428448744,0.411795684,0.479146281,0.366062337,0.305148377,0.327609334,0.006064896
cantaloupe,43,0.314768519,0.219891201,0.258036106,0.224095891,0.225179258,0.268769775,0.228742441,0.193386779,0.20338157,0.179975452,0.005343322
cantaloupe,44,0.132037037,0.173685184,0.174719132,0.164895865,0.176550658,0.179041614,0.166831469,0.178896022,0.167200075,0.156196533,0.004513418
cantaloupe,45,0.292175926,0.215426544,0.276960549,0.248122635,0.21650229,0.288000337,0.253897853,0.277215113,0.365992344,0.364186716,0.048350249
cantaloupe,46,0.279027778,0.262426026,0.275137572,0.246704163,0.265384784,0.285687201,0.252415827,0.378260958,0.380789412,0.372656362,0.044970467
cantaloupe,47,0.252314815,0.173158203,0.177648189,0.178536267,0.175390112,0.176082378,0.175899455,0.207927617,0.265256513,0.298459513,0.039565544
cantaloupe,48,0.268935185,0.174826158,0.176484389,0.1778795,0.175728776,0.174979838,0.175241541,0.228483688,0.272650729,0.303161559,0.038258889
cantaloupe,49,0.389722222,0.406745749,0.484619024,0.400487939,0.41600275,0.484774609,0.413065765,0.405642278,0.437178644,0.4198513,0.029586481
cantaloupe,50,0.540648148,0.446536155,0.481360001,0.398154969,0.443351535,0.479533301,0.409822443,0.474581268,0.452382399,0.428766994,0.054866153
cantaloupe,51,0.692824074,0.399731072,0.473318724,0.502868073,0.41109551,0.480389203,0.515643492,0.348277023,0.364115547,0.362772169,0.040441407
cantaloupe,52,0.780324074,0.441845888,0.466919782,0.499069707,0.447549303,0.473658361,0.511631282,0.39533354,0.37045742,0.366872336,0.069156571
cantaloupe,53,0.486574074,0.271643028,0.338440375,0.424436944,0.278095398,0.347834142,0.434581467,0.233504034,0.29295773,0.319495526,0.082458612
cantaloupe,54,0.215694444,0.185809256,0.238459327,0.207762663,0.189739848,0.244354504,0.210139008,0.181308604,0.196498624,0.17516254,0.004772188
cantaloupe,55,0.24412037,0.188047845,0.223188443,0.212541438,0.191739902,0.227721741,0.212691063,0.286471239,0.331028975,0.340121057,0.036950565
cantaloupe,56,0.266759259,0.171610623,0.153734261,0.163240578,0.173953127,0.15301861,0.161078522,0.207409986,0.212155796,0.263638702,0.038641557
cantaloupe,57,0.449444444,0.297800112,0.337900839,0.309931282,0.300365609,0.341015069,0.32156938,0.384174051,0.386784213,0.386729363,0.036685424
cantaloupe,58,0.725740741,0.317880169,0.331883534,0.416225778,0.326963401,0.335311744,0.423511664,0.333371873,0.337867537,0.346209315,0.09728176
grapefruit,1,0.091759259,0.170283477,0.159722752,0.14793446,0.167804295,0.162526648,0.153880518,0.178589513,0.161048689,0.155090681,0.00245261
grapefruit,2,0.083564815,0.172375611,0.145536405,0.139660238,0.174867871,0.151820769,0.148195562,0.18763261,0.15318214,0.15007322,0.002056688
grapefruit,3,0.127222222,0.175845713,0.156186375,0.145743225,0.176841895,0.165335879,0.155943264,0.189851785,0.162174167,0.155089143,0.001590416
grapefruit,4,0.115555556,0.161574328,0.15828085,0.146767452,0.180646203,0.162849354,0.154666743,0.158339419,0.163879303,0.155392091,0.001191461
grapefruit,5,0.186111111,0.170732879,0.150804354,0.142394689,0.17635401,0.158040041,0.147959599,0.178775306,0.153215855,0.144216672,0.000614807
grapefruit,6,0.230462963,0.180706206,0.165538807,0.151458058,0.188659915,0.170746049,0.155971826,0.190576241,0.163988788,0.150483229,0.000470798
grapefruit,7,0.253333333,0.185818244,0.165064108,0.151245315,0.185057634,0.16728184,0.154078011,0.193855576,0.163098008,0.149360725,0.000209549
grapefruit,8,0.230046296,0.169229691,0.17047231,0.154694484,0.174411238,0.179008636,0.161194846,0.175289563,0.16459261,0.150724819,0.000702973
grapefruit,9,0.36537037,0.176204532,0.185459697,0.164612701,0.180255289,0.188935654,0.167462608,0.17849881,0.177918146,0.159468886,0.000607721
grapefruit,10,0.297268519,0.167848656,0.181404677,0.190620828,0.170228806,0.173364074,0.184190669,0.176985945,0.196782355,0.196405399,0.015412756
grapefruit,11,0.098888889,0.167793765,0.170719412,0.15505857,0.169447732,0.170579149,0.15950405,0.170890548,0.162848268,0.156515563,0.002261559
grapefruit,12,0.089166667,0.167402015,0.166511913,0.152270318,0.169518959,0.170876196,0.159471909,0.169575218,0.160949624,0.154734566,0.002590395
grapefruit,13,0.13625,0.167884736,0.178219213,0.159574629,0.170053713,0.179330723,0.164719898,0.169710448,0.173319083,0.16282745,0.00073147
grapefruit,14,0.161527778,0.167748958,0.16228436,0.149127371,0.169851571,0.161506853,0.149807351,0.169045086,0.160810217,0.148215963,0.000627281
grapefruit,15,0.25912037,0.167765173,0.170496162,0.154219372,0.16991762,0.165041388,0.152056306,0.169117434,0.174554997,0.156954941,0.000565607
grapefruit,16,0.223888889,0.167749525,0.141679015,0.163731612,0.169851571,0.141014412,0.162426113,0.169089626,0.151327601,0.166282162,0.001758096
grapefruit,17,0.107314815,0.167762859,0.168296596,0.15349729,0.169851571,0.160220614,0.15304522,0.169176954,0.18158596,0.168833462,0.002560639
grapefruit,18,0.108009259,0.167748898,0.141391461,0.137310871,0.169851571,0.140879747,0.141105014,0.169013906,0.144373585,0.144072342,0.002699795
grapefruit,19,0.155231481,0.167748898,0.14159408,0.13744455,0.169851571,0.140887014,0.141111607,0.169013906,0.1447936,0.144262299,0.000705853
grapefruit,20,0.2025,0.167748898,0.138649147,0.135578224,0.169851571,0.138278973,0.139491458,0.169013906,0.142059893,0.142482045,0.000588942
grapefruit,21,0.095046296,0.177454888,0.152275015,0.149326167,0.181239872,0.1563167,0.157719726,0.195137712,0.153771088,0.160689276,0.000534076
grapefruit,22,0.103703704,0.16757656,0.151227842,0.142840943,0.18918372,0.152810493,0.148610928,0.172503142,0.156161238,0.151418333,0.001382476
grapefruit,23,0.053888889,0.170306687,0.146712663,0.142613782,0.177437632,0.154601,0.150018758,0.184398267,0.153239834,0.149455928,0.002539208
grapefruit,24,0.078657407,0.180403433,0.157525988,0.152949984,0.195255852,0.171743105,0.167270961,0.198529854,0.158826925,0.156803836,0.002450425
grapefruit,25,0.077222222,0.204801401,0.174124213,0.163638019,0.221078174,0.185070431,0.175957438,0.215312446,0.173628761,0.165325656,0.003531131
grapefruit,26,0.107685185,0.203372505,0.179375796,0.164410714,0.2188045,0.182356878,0.174208107,0.205428737,0.232911338,0.196769545,0.003487966
grapefruit,27,0.105648148,0.179591341,0.169947958,0.166242095,0.192184802,0.166646057,0.163242854,0.180141417,0.228369214,0.252426703,5.94E-06
grapefruit,28,0.269074074,0.192256802,0.221050089,0.204226807,0.224317537,0.253437169,0.241952083,0.20128491,0.188060275,0.17634471,0.001420253
grapefruit,29,0.514490741,0.265243498,0.2583045,0.243632356,0.278997311,0.280716127,0.255132518,0.255215853,0.21112962,0.204925063,0.000720426
grapefruit,30,0.457962963,0.247183402,0.249776648,0.238733241,0.254708228,0.251585456,0.236985967,0.225436234,0.210814527,0.203468145,0.014112283
grapefruit,31,0.568009259,0.290371633,0.305557027,0.27897136,0.29968188,0.32131619,0.284554192,0.251633994,0.260084426,0.239404604,0.025888158
grapefruit,32,0.340972222,0.21716794,0.292739238,0.271024798,0.226390038,0.293510484,0.266288883,0.218637255,0.269599447,0.244888959,0.023996261
grapefruit,33,0.138055556,0.173662155,0.158299534,0.154003119,0.180496884,0.1682432,0.165616014,0.185736435,0.163578493,0.16819528,0.007090518
grapefruit,34,0.138611111,0.182815161,0.174867372,0.164470063,0.192202223,0.184852388,0.176160281,0.196754691,0.18819834,0.183858667,0.01991922
grapefruit,35,0.150925926,0.203388057,0.180434158,0.166245949,0.200478387,0.18371081,0.175231541,0.225193683,0.251640377,0.219057511,0.013946816
grapefruit,36,0.133935185,0.1702768,0.180543988,0.167876295,0.172499589,0.174844299,0.170087305,0.186041283,0.189784268,0.184788744,0.011891785
grapefruit,37,0.148333333,0.184657813,0.169372055,0.168429053,0.204254995,0.192371225,0.202135349,0.20232055,0.173344252,0.167564376,0.026258803
grapefruit,38,0.192638889,0.241900858,0.234565007,0.208892331,0.256683232,0.248616868,0.237284273,0.242242042,0.224732762,0.200389894,0.016771442
grapefruit,39,0.256990741,0.24492494,0.24962154,0.232521287,0.249397314,0.247653326,0.219698106,0.243138931,0.296929161,0.272267906,0.009582834
grapefruit,40,0.181018519,0.227114975,0.317126976,0.255060087,0.273042611,0.357026719,0.301303516,0.206715167,0.243776023,0.211513494,0.030385202
grapefruit,41,0.559537037,0.37609155,0.424354787,0.323163346,0.385175383,0.430897266,0.347918519,0.332371339,0.332955983,0.2695998,0.021956933
grapefruit,42,0.582314815,0.363909438,0.415985975,0.436922437,0.329863773,0.391536928,0.393023756,0.328511522,0.332932928,0.361823032,0.024336267
grapefruit,43,0.634953704,0.37664552,0.421364809,0.400885252,0.378109135,0.421999471,0.42227636,0.335905287,0.341019367,0.329726466,0.070661296
grapefruit,44,0.450416667,0.314964877,0.358257775,0.362157237,0.312099299,0.347641711,0.376949018,0.279588569,0.308887419,0.31036596,0.059433601
grapefruit,45,0.124907407,0.178539409,0.218643775,0.194310204,0.185644903,0.212710456,0.194529744,0.19398632,0.235126168,0.213911134,0.026174333
grapefruit,46,0.177407407,0.204187335,0.22232059,0.196732939,0.19190148,0.20405554,0.189689787,0.23119445,0.24627305,0.220209914,0.021644688
grapefruit,47,0.131759259,0.171953156,0.184855042,0.171682668,0.1737797,0.178116252,0.172090644,0.186313717,0.197090241,0.188884539,0.026500506
grapefruit,48,0.134166667,0.171897254,0.185091455,0.172138633,0.17413742,0.176237299,0.170992134,0.18918346,0.201010318,0.191630778,0.024050413
grapefruit,49,0.248518519,0.232905072,0.289687789,0.262539194,0.22848618,0.273335223,0.2375896,0.250258768,0.305512697,0.28586784,0.009151139
grapefruit,50,0.365694444,0.270922576,0.296184123,0.265748381,0.238179804,0.264917043,0.232033707,0.317387125,0.320551491,0.293917378,0.01476471
grapefruit,51,0.489861111,0.367120197,0.433758456,0.457009232,0.348474985,0.418722684,0.416396461,0.343054963,0.397669443,0.4061362,0.027914383
grapefruit,52,0.578611111,0.360020996,0.428111562,0.454449263,0.303677594,0.388698486,0.39740724,0.363811465,0.402570019,0.408638515,0.062959917
grapefruit,53,0.414675926,0.377708876,0.429246858,0.445753879,0.362624493,0.410400872,0.402831158,0.341929047,0.372224106,0.390469075,0.105115392
grapefruit,54,0.325277778,0.304968664,0.340683448,0.350378713,0.296732273,0.327581143,0.363019184,0.280902114,0.304021517,0.307044083,0.072346482
grapefruit,55,0.204398148,0.194174915,0.213768854,0.19045532,0.180078475,0.191231206,0.181558991,0.216447996,0.261636736,0.231323571,0.018583294
grapefruit,56,0.125277778,0.176205861,0.163552809,0.158653098,0.170848306,0.150179152,0.154994352,0.18312274,0.188329516,0.184002698,0.024619957
grapefruit,57,0.323194444,0.226091935,0.262499193,0.244805669,0.198938394,0.229596455,0.209165008,0.271688819,0.302823265,0.283484641,0.03441454
grapefruit,58,0.454166667,0.247340423,0.335789421,0.401453946,0.216818436,0.291614843,0.337356235,0.299369288,0.337522625,0.368677835,0.099057508
strawberry,1,0.100787037,0.166296641,0.155408366,0.146817313,0.166246343,0.151977737,0.143230683,0.180633453,0.154248715,0.148424004,0.000782684
strawberry,2,0.082268519,0.180223896,0.156844147,0.14810557,0.177847024,0.152938236,0.144334393,0.186163312,0.152264075,0.148048334,0.001386045
strawberry,3,0.094907407,0.176561703,0.159968332,0.14974734,0.171530808,0.154939535,0.145472843,0.183503358,0.154313112,0.148797663,0.000571571
strawberry,4,0.1025,0.161246229,0.154054543,0.145825732,0.150285287,0.149331577,0.141568837,0.150766045,0.152060742,0.146830896,0.000543348
strawberry,5,0.100833333,0.184070532,0.159208083,0.148404126,0.181029663,0.158068379,0.147621947,0.180093953,0.153440778,0.145966766,0.000665576
strawberry,6,0.218101852,0.1807485,0.163790595,0.151245098,0.175276856,0.161745005,0.14988199,0.183843277,0.155463939,0.14684557,0.000500526
strawberry,7,0.269814815,0.18211842,0.155648765,0.145916434,0.176607337,0.153324553,0.144229004,0.193963692,0.153441508,0.145019766,0.000219727
strawberry,8,0.318703704,0.168863129,0.166908735,0.153634659,0.171192955,0.16822911,0.154267767,0.17205901,0.165660364,0.153413022,0.000780593
strawberry,9,0.355138889,0.172913221,0.172033038,0.157129709,0.174833939,0.171943203,0.156801965,0.180340952,0.175008075,0.159563875,0.00074871
strawberry,10,0.417222222,0.167860639,0.179680527,0.188327156,0.169933957,0.184464572,0.185028024,0.181048002,0.188426273,0.193050476,0.015721758
strawberry,11,0.069583333,0.167382105,0.164963274,0.152878243,0.169210641,0.163037795,0.150599027,0.171348787,0.156031295,0.149587461,0.000807428
strawberry,12,0.062962963,0.166866215,0.162097819,0.150789488,0.169168614,0.163697264,0.150822357,0.170902746,0.154240932,0.148257936,0.000975584
strawberry,13,0.10587963,0.166871035,0.164970831,0.152691377,0.169181154,0.166188679,0.152480966,0.171003752,0.158716093,0.151235361,0.000330003
strawberry,14,0.133611111,0.166865649,0.169787526,0.15443936,0.169172792,0.17087508,0.155269842,0.169960066,0.172555121,0.157009613,0.000724504
strawberry,15,0.260740741,0.166869879,0.170628243,0.15499671,0.169176506,0.171969405,0.156001237,0.169656986,0.177133678,0.160274247,0.000657263
strawberry,16,0.327638889,0.166864184,0.150583104,0.166816519,0.169178311,0.14897532,0.159748696,0.169479563,0.197565905,0.198142859,0.00192622
strawberry,17,0.074074074,0.166863605,0.163656081,0.152046452,0.169177932,0.166462897,0.152670874,0.169437993,0.166620539,0.156545914,0.000909898
strawberry,18,0.065092593,0.166863605,0.150217291,0.143377639,0.169177932,0.14864939,0.141129345,0.169410024,0.191587611,0.172359292,0.000928553
strawberry,19,0.104398148,0.166863605,0.150220327,0.143379874,0.169177932,0.148651986,0.141131323,0.169380073,0.191906911,0.172641033,0.000451668
strawberry,20,0.218518519,0.166863605,0.137978097,0.135500499,0.169177932,0.1378261,0.13396022,0.169380073,0.147179338,0.143481982,0.00071744
strawberry,21,0.09375,0.1979474,0.156978556,0.181242322,0.190462454,0.153947745,0.184986609,0.186714692,0.151438196,0.169812449,0.000428935
strawberry,22,0.12037037,0.172361579,0.151332731,0.144098424,0.161748753,0.148757108,0.141185908,0.146990394,0.151572452,0.146631893,0.000424337
strawberry,23,0.110138889,0.1924646,0.170063837,0.165708708,0.192129281,0.166426546,0.163777775,0.186444211,0.157626012,0.15468832,0.002486564
strawberry,24,0.08287037,0.220131434,0.180631346,0.166853318,0.211091188,0.174312809,0.161966972,0.195742182,0.163074677,0.158014868,0.001497276
strawberry,25,0.075601852,0.23203652,0.180460747,0.167446251,0.213830587,0.171755645,0.160832577,0.201756301,0.176365188,0.165923563,0.002507084
strawberry,26,0.094259259,0.19201034,0.175976015,0.159856717,0.17301431,0.168225045,0.155281624,0.169628957,0.226678399,0.194285652,0.002501943
strawberry,27,0.093472222,0.167574007,0.166281658,0.159364653,0.156868957,0.161034625,0.157341917,0.158666215,0.221719483,0.23308131,3.48E-06
strawberry,28,0.450231481,0.24713607,0.268026707,0.254243416,0.243094979,0.267555346,0.249333958,0.203259327,0.191431493,0.176678911,0.001800957
strawberry,29,0.470694444,0.269314851,0.276700898,0.254042216,0.249774746,0.272911792,0.245920636,0.231193294,0.214693454,0.210786505,0.00091727
strawberry,30,0.399444444,0.203546614,0.22748062,0.218940508,0.183892521,0.218694089,0.207610286,0.181049324,0.206402259,0.20376465,0.012404995
strawberry,31,0.587824074,0.293683094,0.366674369,0.324585392,0.292960711,0.379499719,0.325550698,0.252278759,0.351013737,0.304612867,0.023630757
strawberry,32,0.579953704,0.237255435,0.344430684,0.30925642,0.239957365,0.36328613,0.313814041,0.237934223,0.385886347,0.329878329,0.023224759
strawberry,33,0.356203704,0.20245668,0.1988519,0.209865635,0.200154605,0.199513147,0.216270702,0.183440978,0.17329597,0.184858692,0.015878797
strawberry,34,0.291157407,0.224987404,0.215315069,0.220440139,0.216114726,0.218846235,0.228725487,0.203490536,0.194690904,0.199590896,0.035268837
strawberry,35,0.188611111,0.216143031,0.206433334,0.21175091,0.210032691,0.208003358,0.219146666,0.206876887,0.240218323,0.225902435,0.020647352
strawberry,36,0.156944444,0.180990718,0.183556487,0.20165283,0.18260458,0.185693315,0.207655477,0.189606577,0.187325396,0.195270505,0.018142842
strawberry,37,0.115787037,0.24437012,0.208416997,0.214539807,0.23419258,0.199533059,0.203207963,0.199825468,0.162495765,0.15684948,0.016729042
strawberry,38,0.114907407,0.264880997,0.232725679,0.230122542,0.244024797,0.222594821,0.21855444,0.209721608,0.183962378,0.171146475,0.009727657
strawberry,39,0.138564815,0.218863154,0.224849052,0.194692123,0.19760584,0.215748222,0.190473786,0.183238328,0.228115946,0.196157249,0.00181005
strawberry,40,0.151759259,0.296380205,0.360440549,0.307964844,0.299442305,0.360387351,0.306275007,0.212703662,0.237497435,0.206518554,0.019695156
strawberry,41,0.218101852,0.357303319,0.383615894,0.322837364,0.346459685,0.377892129,0.317769096,0.269845528,0.269003064,0.2267125,0.01308145
strawberry,42,0.245462963,0.259490664,0.315137558,0.269023836,0.243857784,0.302134958,0.261079562,0.240144495,0.255622867,0.233246458,0.009715454
strawberry,43,0.472824074,0.400872342,0.426742243,0.481931602,0.407728322,0.428957966,0.501980704,0.408019995,0.410551485,0.489155915,0.143676205
strawberry,44,0.750833333,0.362694105,0.377767105,0.450214484,0.370873738,0.388361323,0.474978926,0.425469386,0.399208338,0.4820748,0.135350514
strawberry,45,0.292222222,0.210802894,0.229214315,0.22878424,0.209321197,0.233032595,0.237840476,0.207284438,0.204143124,0.206423874,0.045633281
strawberry,46,0.194861111,0.201216111,0.209268112,0.216088427,0.200243702,0.209925937,0.222613745,0.209949819,0.200658157,0.204044378,0.033343338
strawberry,47,0.325509259,0.188941959,0.213864208,0.219176871,0.188656608,0.217474588,0.227414691,0.20150282,0.21044184,0.209920633,0.046171192
strawberry,48,0.255277778,0.182971664,0.205611389,0.213796705,0.184285409,0.206599473,0.220230147,0.201418135,0.208545456,0.208693682,0.038495412
strawberry,49,0.097824074,0.226480016,0.239282626,0.208295166,0.218481997,0.232154473,0.204350376,0.200487462,0.199379911,0.182546299,0.007519643
strawberry,50,0.11962963,0.214446797,0.218484372,0.19421114,0.207923939,0.211817016,0.190435179,0.203549994,0.195671404,0.179698244,0.002516332
strawberry,51,0.118009259,0.289001208,0.379706838,0.329047778,0.290960866,0.393374504,0.333824182,0.240604189,0.363413604,0.309833091,0.013623969
strawberry,52,0.163657407,0.21316766,0.328506825,0.292460519,0.210064139,0.331542447,0.290411022,0.210711727,0.349308859,0.299542576,0.004269887
strawberry,53,0.175694444,0.37773258,0.400417191,0.322268224,0.386680271,0.411085919,0.33100999,0.424548279,0.414788055,0.339164313,0.00912141
strawberry,54,0.745694444,0.339288419,0.346316161,0.429922449,0.346674478,0.356825781,0.454168049,0.410273663,0.385651935,0.472880613,0.181118706
strawberry,55,0.151527778,0.181036226,0.199013392,0.209026715,0.18326913,0.203240418,0.21789278,0.200196536,0.210837253,0.21095625,0.028278996
strawberry,56,0.25625,0.172934869,0.167149961,0.188110003,0.174880383,0.166841771,0.193692267,0.195680165,0.228635621,0.221827314,0.040291171
strawberry,57,0.108287037,0.177669024,0.206554715,0.185516289,0.180301077,0.206984755,0.186237176,0.19014966,0.207189716,0.187270214,0.002064486
strawberry,58,0.108564815,0.172289819,0.24043966,0.233660273,0.174509361,0.249756171,0.234870809,0.18282646,0.301517028,0.268932202,0.005651365
raspberry,1,0.126527778,0.175705329,0.157846969,0.153124294,0.162540694,0.154052104,0.145347025,0.182704885,0.156278018,0.149012295,0.000660215
raspberry,2,0.117685185,0.234921971,0.176060899,0.164580208,0.195683378,0.160064872,0.149352339,0.193696406,0.155890144,0.149865965,0.001357788
raspberry,3,0.106851852,0.235091496,0.179187624,0.166222317,0.18728198,0.162430581,0.150775223,0.191191898,0.156758669,0.149980901,0.000590281
raspberry,4,0.093657407,0.158677644,0.164655866,0.156177188,0.150722215,0.153671566,0.144493978,0.146177977,0.154350547,0.147824181,0.000469368
raspberry,5,0.220833333,0.215683274,0.174426884,0.161114075,0.215862406,0.170124349,0.157905482,0.197298976,0.161886737,0.153672922,0.002660888
raspberry,6,0.3,0.20851663,0.180414436,0.164559395,0.208574045,0.175574998,0.161530778,0.201056209,0.164148573,0.154814047,0.001711931
raspberry,7,0.282916667,0.179894865,0.16533589,0.154105513,0.181310266,0.162422662,0.15244895,0.199309671,0.159612496,0.150846616,0.000400925
raspberry,8,0.484259259,0.176807196,0.183150202,0.167663133,0.185494,0.203753143,0.182578072,0.195293361,0.233196353,0.202320925,0.003231594
raspberry,9,0.430231481,0.189690778,0.189228147,0.171589165,0.203467677,0.211719165,0.187813896,0.22199615,0.243157265,0.208917816,0.002845422
raspberry,10,0.473888889,0.170612051,0.195167933,0.203497755,0.177857175,0.219866188,0.231324433,0.209596989,0.321000146,0.295932502,0.040795552
raspberry,11,0.136805556,0.167588167,0.165269909,0.15748506,0.169809047,0.173749303,0.158167248,0.172088601,0.164892359,0.155111776,0.000826407
raspberry,12,0.152916667,0.166849318,0.167163319,0.158529387,0.169525016,0.175076538,0.159057646,0.172553253,0.175307017,0.161803521,0.001000422
raspberry,13,0.149444444,0.167800893,0.169478903,0.159942206,0.169468126,0.176292985,0.159839638,0.171635799,0.177369121,0.163252125,0.000663158
raspberry,14,0.20037037,0.166822614,0.164268927,0.153935948,0.169054805,0.169059829,0.15715072,0.171698334,0.209942811,0.183888362,0.002756699
raspberry,15,0.328518519,0.16703502,0.165501888,0.154775698,0.169073173,0.170731555,0.158342276,0.171770132,0.212798242,0.185925128,0.002390158
raspberry,16,0.419537037,0.1665682,0.142816704,0.164249664,0.169047069,0.143771785,0.175493595,0.171837199,0.155783564,0.182960285,0.007085043
raspberry,17,0.126018519,0.16700258,0.152116898,0.14955496,0.169047069,0.151114623,0.143730175,0.171221523,0.172415105,0.159764034,0.000938425
raspberry,18,0.12162037,0.166420628,0.14192683,0.14313013,0.169047069,0.140237863,0.136572494,0.171199351,0.145498424,0.141950901,0.000938564
raspberry,19,0.153287037,0.166740306,0.142078364,0.143232292,0.169047069,0.140241611,0.136575912,0.171199351,0.145734194,0.142134561,0.001223624
raspberry,20,0.294814815,0.166455156,0.138045528,0.140642954,0.169047069,0.137423202,0.134693245,0.171199351,0.144987682,0.141644198,0.002716446
raspberry,21,0.100972222,0.276102948,0.166047887,0.218387279,0.192162592,0.158870438,0.173262858,0.198941566,0.1523139,0.173638921,0.002122581
raspberry,22,0.153611111,0.194973803,0.158453698,0.153014276,0.150379639,0.151541454,0.143471331,0.149191695,0.151997918,0.146201592,0.000611982
raspberry,23,0.082037037,0.229134097,0.18005731,0.17791827,0.209390182,0.189851604,0.177917431,0.19739955,0.168110729,0.163412509,0.002747037
raspberry,24,0.068842593,0.297799374,0.193921815,0.193768673,0.244022523,0.209647899,0.187136044,0.213801177,0.178210502,0.170995309,0.002815112
raspberry,25,0.093796296,0.302230439,0.195670109,0.19391496,0.230889831,0.213198999,0.188820257,0.213346508,0.183743828,0.173696894,0.004287852
raspberry,26,0.088564815,0.20041658,0.181150616,0.17974937,0.172697773,0.185978488,0.168160312,0.159247936,0.231438262,0.196585409,0.004234331
raspberry,27,0.084259259,0.148366948,0.167086776,0.163538258,0.146649904,0.165627777,0.160236556,0.144432339,0.222606141,0.247034407,3.85E-06
raspberry,28,0.512268519,0.304973583,0.294024135,0.256204189,0.316593445,0.359336163,0.320775791,0.254924906,0.267671333,0.229398505,0.005651283
raspberry,29,0.456712963,0.319279173,0.301872459,0.264569621,0.330912303,0.369362185,0.32340431,0.288288397,0.277106212,0.262482293,0.002428071
raspberry,30,0.366574074,0.195744254,0.242233863,0.224853852,0.203655454,0.277078716,0.261325512,0.181512885,0.244216871,0.239131107,0.019415066
raspberry,31,0.564537037,0.322527028,0.349222593,0.297928212,0.38467962,0.441883788,0.374155301,0.413674139,0.421953289,0.36005702,0.05222039
raspberry,32,0.573194444,0.278208684,0.320395451,0.279759753,0.310450341,0.388078716,0.338488361,0.397242283,0.409540235,0.351838961,0.056872936
raspberry,33,0.147407407,0.26003837,0.242387744,0.267842164,0.190004839,0.190763281,0.195192921,0.19607016,0.187352388,0.19807388,0.021245509
raspberry,34,0.161435185,0.27314679,0.258950454,0.277964833,0.199991223,0.203786038,0.203294139,0.218568506,0.205488078,0.20998277,0.035858144
raspberry,35,0.137453704,0.228687512,0.240482039,0.26285796,0.182481902,0.192337623,0.194388382,0.220238373,0.252968165,0.233795804,0.019219496
raspberry,36,0.129351852,0.187069297,0.207551288,0.246447525,0.175623499,0.18203787,0.190256657,0.194150761,0.197925644,0.205248674,0.017992818
raspberry,37,0.082222222,0.302578276,0.206523264,0.202796635,0.255761401,0.19002951,0.210916986,0.215683434,0.174326441,0.168506195,0.009292538
raspberry,38,0.095787037,0.305990643,0.228540972,0.215354929,0.238409375,0.20649086,0.220671938,0.219479783,0.187632603,0.177178323,0.005563392
raspberry,39,0.108935185,0.205173657,0.22261199,0.187306185,0.180154454,0.199308826,0.17488453,0.165868407,0.235598986,0.19368059,0.001305953
raspberry,40,0.13162037,0.321708818,0.33992805,0.28602431,0.360913632,0.426415852,0.365707787,0.262705272,0.351900897,0.287938896,0.011061026
raspberry,41,0.177592593,0.356314305,0.353418375,0.293796099,0.406618354,0.436811465,0.371786677,0.319575063,0.357678039,0.291506439,0.007024421
raspberry,42,0.228796296,0.234309788,0.289811453,0.239407296,0.242900656,0.335819,0.273723498,0.224930447,0.321248509,0.259075039,0.005506204
raspberry,43,0.418564815,0.359561225,0.360861733,0.406151901,0.425044235,0.454546847,0.514314994,0.449709071,0.425203099,0.493196549,0.122883811
raspberry,44,0.640509259,0.322986193,0.322253253,0.381604699,0.362587767,0.384819012,0.468567349,0.431981884,0.405522991,0.479650909,0.147841448
raspberry,45,0.13375,0.209492446,0.228675428,0.259153996,0.192880793,0.217655884,0.211953935,0.21192369,0.21583611,0.216763005,0.045324815
raspberry,46,0.13912037,0.190645168,0.209576078,0.246603611,0.185819024,0.198612094,0.199659621,0.209802558,0.207104909,0.210731519,0.031548781
raspberry,47,0.149027778,0.184942211,0.202394241,0.241477221,0.179500578,0.197271633,0.199013911,0.205992444,0.24553327,0.235985628,0.044174715
raspberry,48,0.165,0.180244851,0.197991052,0.238713122,0.177433229,0.192520735,0.195889396,0.202642847,0.242736565,0.234033533,0.035538542
raspberry,49,0.104212963,0.20806453,0.215601043,0.186825752,0.2028536,0.218822321,0.189767571,0.203387159,0.19655672,0.175429411,0.004776334
raspberry,50,0.112546296,0.195844396,0.202155739,0.177927256,0.189134565,0.200487764,0.177353937,0.200014051,0.189848173,0.170656366,0.001430531
raspberry,51,0.09787037,0.230146785,0.26883958,0.239216294,0.254230589,0.322518318,0.27628381,0.19788818,0.245130521,0.210305258,0.006851304
raspberry,52,0.190787037,0.181034846,0.231969516,0.211958915,0.18564968,0.261815747,0.232157965,0.174719672,0.224838753,0.195856586,0.000624669
raspberry,53,0.133333333,0.319899522,0.335285329,0.268252686,0.359191362,0.404900317,0.318813505,0.37456753,0.401073037,0.312718056,0.000791007
raspberry,54,0.559907407,0.281617643,0.288341272,0.361271995,0.304904844,0.330307652,0.433816653,0.366478989,0.37902983,0.461956011,0.133190708
raspberry,55,0.111018519,0.178525058,0.17494193,0.224508498,0.176284526,0.172106469,0.182680684,0.195325659,0.208631968,0.21199119,0.025318559
raspberry,56,0.130694444,0.173143486,0.15419139,0.211230709,0.172250513,0.150940041,0.168699723,0.190471059,0.174478825,0.189158574,0.036032515
raspberry,57,0.093518519,0.178187335,0.183344131,0.165557018,0.175397235,0.181958488,0.165112708,0.184157946,0.209327059,0.183930536,0.000324482
raspberry,58,0.110138889,0.169583588,0.168845341,0.164506232,0.170288689,0.173877045,0.168366553,0.171338471,0.193137744,0.173821677,0.000604875
blueberry,1,0.512222222,0.25440752,0.206470677,0.328204908,0.251368416,0.211047507,0.331132921,0.278323757,0.241507934,0.394387726,0.022920718
blueberry,2,0.808055556,0.416232005,0.374594695,0.438440451,0.408291495,0.369576609,0.440072902,0.410664265,0.373133851,0.48805828,0.060635402
blueberry,3,0.596435185,0.407173055,0.390468956,0.447971273,0.398459748,0.388621434,0.452573774,0.434415043,0.382427881,0.493544695,0.060488768
blueberry,4,0.397916667,0.296536937,0.304440989,0.389747466,0.288597908,0.305421289,0.394374881,0.301979041,0.313776286,0.443672383,0.010670007
blueberry,5,0.278240741,0.376668008,0.270370373,0.255595986,0.371247832,0.269457943,0.253262692,0.382619298,0.321468497,0.281191805,0.012134087
blueberry,6,0.2175,0.379468138,0.269160778,0.254099544,0.372946392,0.269275264,0.252663012,0.402711134,0.320888969,0.280579058,0.008734455
blueberry,7,0.129027778,0.271336165,0.215278411,0.214221806,0.266767725,0.215355489,0.212821974,0.273474427,0.265657479,0.241240006,0.001160286
blueberry,8,0.179722222,0.18391968,0.169177161,0.180522973,0.183882671,0.165346715,0.176090039,0.233183275,0.21432262,0.206782267,0.012890452
blueberry,9,0.136018519,0.188073091,0.172784455,0.182900424,0.188287877,0.170177971,0.179449624,0.211383252,0.212362185,0.205322257,0.010005301
blueberry,10,0.108564815,0.170187166,0.14260357,0.150792052,0.172649724,0.142880758,0.149025851,0.171809953,0.171913702,0.162850253,0.000908306
blueberry,11,0.69712963,0.300062886,0.341558244,0.415856781,0.299147725,0.341549856,0.420333791,0.406816848,0.386346065,0.496678935,0.092381168
blueberry,12,0.861666667,0.232023081,0.266706384,0.369038872,0.226905504,0.260308741,0.365863546,0.353353591,0.347844442,0.471574026,0.120204086
blueberry,13,0.418611111,0.247680013,0.277239171,0.376685465,0.24547817,0.272315639,0.374631542,0.388345622,0.349895751,0.473203439,0.033751883
blueberry,14,0.283472222,0.172260898,0.163246304,0.176659122,0.17422256,0.162586291,0.174400465,0.257822254,0.288168222,0.258331045,0.013888572
blueberry,15,0.185833333,0.175852035,0.166021603,0.178689122,0.178165608,0.165316055,0.176393448,0.257100691,0.286165007,0.257012207,0.011914419
blueberry,16,0.143101852,0.166530237,0.143008165,0.15116021,0.168777162,0.143222466,0.149311993,0.172455296,0.219186404,0.196315126,0.003763026
blueberry,17,0.737824074,0.174297422,0.149857219,0.28655411,0.176586755,0.149530503,0.286125686,0.273616562,0.274471282,0.418528783,0.10933314
blueberry,18,0.851527778,0.170525275,0.143065199,0.282043264,0.172789301,0.142921449,0.281520872,0.240129872,0.232664555,0.389156068,0.127380341
blueberry,19,0.411157407,0.171300801,0.143071704,0.282047503,0.173608374,0.14292412,0.281522027,0.235582353,0.231477483,0.388343633,0.029024217
blueberry,20,0.190046296,0.166507997,0.139227393,0.279690289,0.168753239,0.138918679,0.278877664,0.197003084,0.185186782,0.356865351,0.012786751
blueberry,21,0.320925926,0.327011352,0.195125747,0.19742492,0.32105091,0.189636936,0.188349145,0.264054204,0.164595312,0.167975911,0.000607561
blueberry,22,0.310925926,0.230155441,0.174384554,0.302758244,0.223426154,0.172258963,0.301731527,0.185573884,0.16164396,0.339564429,0.006739242
blueberry,23,0.111851852,0.303070504,0.178626235,0.201772916,0.300346846,0.178708168,0.202794611,0.217339384,0.151567925,0.155239037,0.002679474
blueberry,24,0.126157407,0.404279147,0.189163678,0.184864537,0.394242858,0.186557812,0.182844531,0.288790782,0.156898906,0.165475696,0.003029119
blueberry,25,0.107083333,0.427923122,0.182893983,0.179755172,0.417824854,0.178074894,0.176485938,0.35493053,0.165426734,0.170613177,0.004820231
blueberry,26,0.11337963,0.285217501,0.170738797,0.167908738,0.279845914,0.167402467,0.166426199,0.206379019,0.231748591,0.21083129,0.004800594
blueberry,27,0.121990741,0.18691049,0.159355107,0.158602026,0.183315645,0.158167019,0.160865162,0.15637652,0.22740217,0.245932899,4.15E-06
blueberry,28,0.168888889,0.364962721,0.217882893,0.201517422,0.359708402,0.212460907,0.202409348,0.245996314,0.162939371,0.154566082,0.004247516
blueberry,29,0.125092593,0.353683641,0.223086815,0.204574031,0.351141021,0.218118873,0.201145248,0.25200506,0.165621631,0.156934967,0.003093133
blueberry,30,0.113194444,0.238214483,0.188856592,0.181351806,0.234397376,0.185756727,0.17849647,0.174001941,0.160585177,0.153149051,0.000631827
blueberry,31,0.125740741,0.188089382,0.171132657,0.170242757,0.189103478,0.169093599,0.167355835,0.177386262,0.172409038,0.161697667,0.00134789
blueberry,32,0.12412037,0.171264346,0.144807613,0.152116924,0.174382945,0.145987749,0.15108629,0.172570642,0.15449909,0.149679141,0.001106574
blueberry,33,0.137268519,0.213509968,0.196938666,0.20013617,0.205524542,0.186250451,0.187326351,0.194445469,0.219786875,0.20726723,0.013069104
blueberry,34,0.13712963,0.210073467,0.207976858,0.206884765,0.20124125,0.194176801,0.192335324,0.20610473,0.233278799,0.216788289,0.020647917
blueberry,35,0.139490741,0.192959471,0.200279134,0.199748012,0.186028319,0.190083762,0.187906074,0.20929951,0.288594324,0.250170479,0.011370393
blueberry,36,0.181481481,0.17761013,0.162744964,0.177423528,0.175798409,0.155883394,0.166041878,0.187741325,0.178086839,0.179186658,0.010259775
blueberry,37,0.142314815,0.287621388,0.211416833,0.198502639,0.286032228,0.207569739,0.200100336,0.210587441,0.174679723,0.164188476,0.00420283
blueberry,38,0.109675926,0.256688972,0.227708793,0.208257049,0.247413684,0.226374241,0.212181613,0.213761156,0.187906949,0.17345589,0.002787362
blueberry,39,0.123009259,0.200423422,0.212928495,0.186334614,0.193194303,0.214706963,0.190246066,0.162846379,0.245358879,0.20860985,0.000791187
blueberry,40,0.088657407,0.222926023,0.180749735,0.17696094,0.226625611,0.184916675,0.1837846,0.181715022,0.199661398,0.179665347,0.004664903
blueberry,41,0.107268519,0.206889376,0.186242505,0.180061463,0.212411608,0.193218318,0.189272439,0.183382693,0.201393137,0.180929002,0.003239622
blueberry,42,0.102962963,0.187864478,0.176661631,0.166781754,0.18927013,0.181780678,0.173654469,0.18800988,0.194939739,0.176308338,0.000380316
blueberry,43,0.087546296,0.179456652,0.161829486,0.154831048,0.184482988,0.163157362,0.156491829,0.173495513,0.168659697,0.158820305,0.001652374
blueberry,44,0.085555556,0.167395057,0.142547171,0.140910721,0.170789611,0.144389484,0.142905563,0.172771926,0.150198631,0.145941431,0.001579273
blueberry,45,0.111296296,0.188641988,0.179032136,0.187110799,0.182868235,0.170507863,0.17580136,0.194424661,0.190384542,0.18733483,0.025795285
blueberry,46,0.118935185,0.182350024,0.173243405,0.182884732,0.179999183,0.165799006,0.172381732,0.192342081,0.17909936,0.179496684,0.017740137
blueberry,47,0.129953704,0.179428139,0.16208689,0.175925804,0.176159167,0.153607533,0.163718793,0.192981022,0.176982174,0.178480362,0.026465634
blueberry,48,0.157731481,0.176820784,0.160583998,0.174989592,0.175209034,0.152093465,0.162683397,0.189785084,0.173817825,0.176057832,0.021377352
blueberry,49,0.10712963,0.190790686,0.176896082,0.165972835,0.19188165,0.178258291,0.167388388,0.186592285,0.186633561,0.172459977,0.001946489
blueberry,50,0.111805556,0.180933972,0.174120075,0.163238162,0.184092349,0.174622503,0.164365015,0.18286701,0.173022891,0.163044012,0.000937469
blueberry,51,0.113055556,0.17562988,0.158344009,0.155506111,0.182976276,0.164031981,0.161360388,0.172896816,0.168723312,0.15882018,0.003352922
blueberry,52,0.086944444,0.17356365,0.155928847,0.153657754,0.180245676,0.160790273,0.158927311,0.172708138,0.159411633,0.152487711,0.000344271
blueberry,53,0.075,0.169496991,0.145734841,0.14680593,0.17477779,0.150405316,0.152107166,0.173209331,0.153413399,0.148297708,0.000436319
blueberry,54,0.065324074,0.166685838,0.138636243,0.138089653,0.169801068,0.140097997,0.139755105,0.17263926,0.149087127,0.145111806,0.00182169
blueberry,55,0.097916667,0.17150814,0.15604907,0.171623566,0.170627364,0.149808428,0.161102142,0.183277017,0.170558975,0.173855308,0.013839301
blueberry,56,0.114398148,0.170256891,0.146993046,0.165535466,0.170966656,0.142396673,0.155886115,0.181657921,0.16516743,0.169677247,0.021734802
blueberry,57,0.096759259,0.169504894,0.155835769,0.150982704,0.171503786,0.153289198,0.149584982,0.174585084,0.166971104,0.159227224,0.001003496
blueberry,58,0.072638889,0.168959027,0.143757389,0.145469628,0.17236425,0.144081175,0.147533784,0.172504952,0.148873968,0.144856869,0.000477086
avocado,1,0.111944444,0.168234796,0.169401982,0.157143034,0.166606523,0.169321726,0.157274347,0.185150105,0.179842716,0.167911121,0.000679547
avocado,2,0.116805556,0.205196314,0.158744179,0.150757934,0.204144036,0.15811355,0.150234314,0.187195244,0.162326789,0.156540766,0.000470281
avocado,3,0.101296296,0.186591175,0.168775251,0.156340321,0.18273962,0.168097547,0.156185734,0.186686062,0.17759895,0.16703909,0.002280655
avocado,4,0.104398148,0.160686806,0.165360316,0.153557768,0.154106032,0.164623451,0.153461739,0.146856342,0.170782599,0.161884589,0.000809738
avocado,5,0.100185185,0.184617353,0.1651323,0.154262268,0.184182313,0.163775392,0.153371194,0.1761441,0.172348376,0.160098821,9.23E-05
avocado,6,0.130925926,0.176827902,0.179085326,0.163075466,0.176252675,0.178494258,0.162958937,0.181505322,0.176213854,0.162886538,8.50E-05
avocado,7,0.13337963,0.169332768,0.172195407,0.158571446,0.167252742,0.172264891,0.158810792,0.181411991,0.176251791,0.162155022,0.000214253
avocado,8,0.066574074,0.171251335,0.155095855,0.147827442,0.173539577,0.153904322,0.146811499,0.174926561,0.163676135,0.153710116,9.46E-05
avocado,9,0.07162037,0.17127048,0.176827306,0.160451608,0.173553656,0.175447218,0.160046966,0.175727228,0.171839447,0.159302937,0.000121963
avocado,10,0.078703704,0.171252395,0.145401257,0.147346622,0.173540203,0.1451019,0.147882938,0.175483595,0.154749558,0.1502717,0.002898434
avocado,11,0.09212963,0.171277673,0.182149057,0.165181818,0.17338843,0.18087823,0.164754735,0.173704002,0.186012433,0.17248643,0.001254863
avocado,12,0.113564815,0.171243167,0.155071358,0.148260616,0.173529837,0.153885309,0.147258993,0.173394235,0.161589852,0.155650715,0.000652326
avocado,13,0.119259259,0.171267761,0.173587624,0.159486631,0.173550351,0.172328617,0.158940955,0.173475029,0.169580522,0.161105648,0.000140502
avocado,14,0.109907407,0.171251661,0.144245036,0.140869484,0.173539967,0.143942935,0.14029822,0.173431749,0.149748037,0.14445022,8.30E-05
avocado,15,0.089212963,0.171251661,0.151304602,0.145395245,0.173539967,0.150759969,0.144818136,0.173572505,0.175962546,0.162082638,8.15E-05
avocado,16,0.078287037,0.171251661,0.141995721,0.145228874,0.173539967,0.141757145,0.145719178,0.1745788,0.149963568,0.146776976,0.000747505
avocado,17,0.088842593,0.171251661,0.145387158,0.141944072,0.173539967,0.145087788,0.141445246,0.173427995,0.152745929,0.150017506,0.001361604
avocado,18,0.11162037,0.171251661,0.141929771,0.139808347,0.173539967,0.141706,0.139267791,0.173390871,0.146293789,0.145362302,0.0010494
avocado,19,0.104675926,0.171251661,0.141995721,0.139838384,0.173539967,0.141757145,0.139293028,0.173390871,0.147815699,0.14651271,8.25E-05
avocado,20,0.115648148,0.171251661,0.14192245,0.13980235,0.173539967,0.14169914,0.139262283,0.173390871,0.14736628,0.146206554,8.09E-05
avocado,21,0.207546296,0.220734808,0.163209283,0.262173997,0.211549759,0.162965685,0.260224022,0.241719534,0.170229786,0.29213455,0.00061647
avocado,22,0.148564815,0.197148307,0.158281033,0.150297146,0.188202519,0.157973176,0.150012681,0.174753501,0.163551292,0.156609649,0.000572459
avocado,23,0.132268519,0.22182513,0.160485479,0.172770666,0.221168948,0.160285195,0.173171957,0.201368502,0.154916806,0.154017861,0.002714817
avocado,24,0.102592593,0.254844893,0.164357306,0.16711215,0.250047141,0.163945651,0.168350193,0.244900454,0.15821505,0.156648788,0.003043969
avocado,25,0.116759259,0.246864594,0.164838779,0.165937448,0.239831404,0.163786253,0.167147127,0.264876919,0.156906888,0.155835947,0.004698268
avocado,26,0.09587963,0.217781852,0.169706733,0.16540659,0.209626549,0.168100309,0.167297652,0.187271831,0.208951431,0.182154032,0.004640504
avocado,27,0.105092593,0.191734225,0.165693629,0.16570951,0.186799232,0.164308328,0.166753204,0.171616215,0.205721442,0.227702547,2.40E-05
avocado,28,0.074212963,0.235605475,0.169856239,0.192404063,0.233842457,0.169555958,0.192573697,0.228363859,0.166369984,0.191224394,0.000230416
avocado,29,0.089768519,0.225655371,0.177350533,0.168503297,0.220754213,0.176916311,0.169358801,0.243405113,0.174958857,0.163933684,0.000178056
avocado,30,0.097824074,0.184513336,0.166174943,0.160363299,0.177487312,0.165628417,0.161205892,0.168047798,0.166201715,0.157555268,0.001720518
avocado,31,0.075740741,0.177174508,0.191655243,0.177031952,0.179147227,0.190627843,0.177866644,0.18590521,0.186721237,0.171956636,0.003624551
avocado,32,0.071527778,0.171297317,0.148526645,0.149724055,0.173581444,0.148278769,0.150257503,0.176300151,0.162635708,0.155854545,0.003691108
avocado,33,0.835555556,0.258585008,0.252266898,0.320851172,0.25285437,0.248412104,0.317469832,0.267894844,0.263458215,0.358946493,0.05428482
avocado,34,0.689953704,0.320690636,0.352079125,0.393307773,0.312468033,0.352644909,0.392575598,0.315957296,0.360687276,0.426670188,0.075343697
avocado,35,0.404351852,0.359914436,0.345113475,0.387338653,0.355422398,0.344838065,0.386720092,0.378252537,0.430259492,0.464823564,0.040412357
avocado,36,0.32162037,0.206882986,0.215492626,0.300434951,0.205816177,0.212482266,0.296613798,0.226606956,0.250557395,0.350727524,0.027992474
avocado,37,0.460740741,0.292876885,0.284720151,0.269833761,0.286914995,0.285672244,0.271898013,0.313212648,0.284749965,0.274937374,0.0445818
avocado,38,0.373333333,0.375894305,0.420931407,0.355219237,0.368597133,0.425940694,0.362652617,0.379917659,0.362164455,0.327031028,0.027472171
avocado,39,0.161296296,0.350592644,0.409266809,0.389041524,0.342741915,0.412810346,0.398034219,0.316900139,0.420141742,0.369231918,0.012816646
avocado,40,0.156944444,0.255510947,0.221457708,0.226056752,0.254098798,0.220926141,0.226808884,0.261148521,0.21921174,0.226338224,0.049184871
avocado,41,0.105648148,0.267210519,0.243147699,0.240510356,0.264313978,0.244178652,0.242615089,0.275055407,0.23618741,0.237882733,0.034585185
avocado,42,0.097592593,0.279983233,0.215704043,0.20933995,0.279649608,0.21711537,0.211047555,0.254783212,0.223908627,0.220821327,0.001065422
avocado,43,0.089027778,0.200593836,0.204462349,0.182703417,0.203161546,0.204808841,0.182991674,0.228582033,0.217397071,0.190892726,0.001372505
avocado,44,0.081898148,0.172883277,0.155136215,0.150301392,0.175133531,0.155695594,0.150155288,0.175627514,0.170312443,0.1594322,0.001788552
avocado,45,0.73125,0.332613363,0.393896988,0.4090572,0.32934021,0.390057981,0.40895418,0.344836371,0.367723379,0.428738062,0.100650079
avocado,46,0.485092593,0.370960128,0.386641292,0.404695775,0.369769295,0.382926408,0.404386853,0.405956592,0.39633936,0.44635197,0.076520043
avocado,47,0.690694444,0.230683759,0.299219782,0.358495243,0.229002792,0.299554322,0.356906894,0.258486371,0.322117788,0.399197433,0.082030216
avocado,48,0.531064815,0.245896192,0.298037726,0.358603467,0.244702312,0.298029527,0.356922692,0.277530585,0.351370675,0.419257441,0.068209607
avocado,49,0.317453704,0.381643337,0.420499846,0.40055325,0.381786444,0.422382485,0.407729646,0.376773765,0.399727736,0.365177424,0.030984481
avocado,50,0.208564815,0.386255244,0.408900582,0.390943277,0.38774374,0.409472219,0.397676058,0.405593378,0.424159566,0.380269364,0.023497104
avocado,51,0.123287037,0.247995535,0.299548799,0.272073776,0.250344257,0.305475558,0.275711893,0.260170342,0.273595856,0.255912194,0.038989032
avocado,52,0.119675926,0.301437656,0.293202162,0.269255129,0.305119419,0.299241336,0.272516165,0.2615861,0.276329807,0.259182501,0.00171868
avocado,53,0.081851852,0.195247346,0.188801988,0.191908409,0.197829719,0.189663455,0.192665986,0.219629089,0.226017813,0.221999026,0.001842066
avocado,54,0.065416667,0.173401848,0.150044479,0.146215226,0.175621215,0.150020978,0.145821762,0.174980042,0.154104756,0.148021492,0.001393773
avocado,55,0.365555556,0.297661689,0.325937497,0.364703871,0.299530083,0.321689365,0.36304931,0.324334665,0.338519246,0.407750783,0.06357212
avocado,56,0.529814815,0.206321865,0.24014544,0.312384072,0.208476681,0.23862715,0.310686947,0.2561638,0.271761789,0.362649105,0.068481647
avocado,57,0.15037037,0.302768455,0.349062887,0.352354977,0.305095549,0.350326029,0.358475772,0.309026256,0.365749679,0.340262707,0.030593644
avocado,58,0.11162037,0.211727049,0.274282834,0.253407849,0.213916567,0.278580119,0.25620645,0.19382017,0.277175547,0.261742255,0.001581196
orange,1,0.09712963,0.172048269,0.149903559,0.143157148,0.17249631,0.155483827,0.149347734,0.182054983,0.15783449,0.156532049,0.002486064
orange,2,0.07837963,0.179542258,0.14664939,0.14125762,0.181557138,0.152093494,0.147287304,0.188548203,0.155406392,0.15484342,0.001668847
orange,3,0.080555556,0.176433374,0.149356823,0.143009987,0.178476723,0.157489643,0.150699117,0.189204049,0.159780356,0.157997509,0.00301534
orange,4,0.102731481,0.148793753,0.148516499,0.142452332,0.148922569,0.155796779,0.149488527,0.121011419,0.160149545,0.158188872,0.001299028
orange,5,0.092083333,0.174827324,0.146867537,0.141390232,0.182928707,0.155887575,0.150257212,0.183017797,0.156065408,0.14879198,0.0008302
orange,6,0.100462963,0.176061671,0.150488495,0.143677734,0.181273365,0.162395248,0.15430626,0.183585094,0.158635386,0.150497443,0.000823692
orange,7,0.14,0.1725563,0.15000502,0.143295291,0.173564186,0.158755234,0.151765371,0.185274645,0.158263848,0.150024217,0.00038538
orange,8,0.114259259,0.172919354,0.149123132,0.142780165,0.179267856,0.156978519,0.150807892,0.17500564,0.158203503,0.15013118,0.000918786
orange,9,0.121851852,0.173150845,0.156842612,0.147704607,0.177881994,0.166221868,0.156780193,0.175655366,0.163950639,0.153881417,0.000899751
orange,10,0.151342593,0.17291378,0.217094483,0.188360732,0.175668004,0.215434946,0.193231834,0.174830133,0.26395605,0.221043834,0.000666151
orange,11,0.093101852,0.172888243,0.153123801,0.145339477,0.176144451,0.162572963,0.154004036,0.175494085,0.163563883,0.160054848,0.005243162
orange,12,0.09587963,0.172904652,0.149022837,0.142709235,0.177501761,0.155177153,0.149240845,0.178466621,0.158731022,0.156714917,0.005395621
orange,13,0.090046296,0.172911752,0.156464659,0.147443065,0.176680397,0.1644786,0.155228581,0.178318769,0.164714468,0.160689572,0.001621878
orange,14,0.083472222,0.172912136,0.167560878,0.154473301,0.176613005,0.164668962,0.155769935,0.178170885,0.158069218,0.149859106,0.000992355
orange,15,0.093148148,0.172912136,0.186930962,0.166609147,0.176409877,0.183433348,0.167890942,0.178202179,0.19444966,0.173498093,0.00099856
orange,16,0.133194444,0.172912136,0.158221466,0.150546839,0.175658194,0.151071092,0.151479153,0.174739743,0.16503065,0.156074254,0.000431569
orange,17,0.087546296,0.172912136,0.217029052,0.185903901,0.175887271,0.215039931,0.18791252,0.177710483,0.268338127,0.228844134,0.006080601
orange,18,0.086574074,0.172912136,0.15805006,0.148011405,0.175797303,0.151073512,0.146480485,0.178134727,0.164287386,0.160151122,0.006353614
orange,19,0.094027778,0.172912136,0.158221466,0.148147187,0.175817423,0.151075481,0.146481562,0.178153264,0.165027884,0.160732029,0.001496648
orange,20,0.122824074,0.172912136,0.142462835,0.138586385,0.175552617,0.144135356,0.14192359,0.175034307,0.152059796,0.152043282,0.000998097
orange,21,0.089166667,0.178844174,0.149280362,0.148531438,0.179775467,0.154055598,0.155585556,0.18990644,0.152496215,0.153212976,0.002491325
orange,22,0.117685185,0.155869087,0.148730608,0.142621818,0.154072175,0.152499918,0.147460002,0.130580824,0.15335436,0.15294525,0.002050735
orange,23,0.051481481,0.181169333,0.149674224,0.149492735,0.183400474,0.152364229,0.146958275,0.188241888,0.154574366,0.151672527,0.00175822
orange,24,0.083009259,0.188096148,0.151153441,0.146589158,0.192589358,0.155572997,0.150429591,0.197761534,0.158285583,0.156411552,0.001361315
orange,25,0.072407407,0.186764737,0.147168624,0.144029924,0.194530297,0.155696493,0.150438721,0.197512027,0.162358605,0.159204738,0.002289773
orange,26,0.102916667,0.170435488,0.152353867,0.146075967,0.169802264,0.157506064,0.150454305,0.139389302,0.190390305,0.173419986,0.002279972
orange,27,0.106111111,0.162511806,0.151252743,0.149234486,0.160472385,0.154480308,0.156364271,0.133581027,0.187087663,0.199481663,3.58E-06
orange,28,0.122916667,0.189025124,0.15470718,0.162190671,0.197956341,0.168824914,0.178719514,0.196469909,0.156864964,0.155942407,0.000526956
orange,29,0.176666667,0.187867309,0.154893665,0.149542574,0.203339102,0.171926762,0.166050755,0.198475865,0.15837637,0.151712316,0.000449227
orange,30,0.183842593,0.167585064,0.152376213,0.147650302,0.171099957,0.162611431,0.159439281,0.136935688,0.156943018,0.150513161,0.000741487
orange,31,0.184814815,0.175460719,0.158876269,0.152197493,0.186992053,0.180187648,0.171533747,0.178299718,0.162192178,0.154370477,0.001243909
orange,32,0.165092593,0.172967189,0.192653376,0.173620184,0.176355917,0.206721447,0.188373952,0.17547131,0.235380333,0.201363907,0.001017401
orange,33,0.126990741,0.178009739,0.152681462,0.150907608,0.18180586,0.163496197,0.162233842,0.189477908,0.166123179,0.163937878,0.008006077
orange,34,0.129490741,0.184422864,0.158672908,0.154774025,0.187354636,0.172543182,0.168154334,0.194452602,0.176829154,0.171913316,0.01603726
orange,35,0.148333333,0.197553509,0.164244667,0.158125632,0.198265366,0.175479044,0.169478759,0.208849113,0.203228597,0.185597544,0.009003116
orange,36,0.119027778,0.173813861,0.160098146,0.155868584,0.176511195,0.165248387,0.163124972,0.179257984,0.171218678,0.16736312,0.008980989
orange,37,0.143796296,0.195585366,0.179274657,0.179178363,0.202823886,0.193818616,0.19660126,0.20264326,0.179603411,0.171924748,0.023505719
orange,38,0.209490741,0.215916936,0.235950812,0.215747062,0.229921493,0.255112935,0.236247693,0.218439732,0.214613417,0.195362039,0.01400347
orange,39,0.291111111,0.206832254,0.244730983,0.237386906,0.213174281,0.260492295,0.251815344,0.1647516,0.248142584,0.2451582,0.005874484
orange,40,0.444953704,0.201258484,0.233793811,0.2113875,0.220759633,0.255690264,0.235731721,0.198397338,0.187942159,0.177070706,0.027071417
orange,41,0.53,0.25092249,0.314103835,0.266266901,0.270237871,0.343553538,0.294070602,0.225019607,0.272837071,0.232893158,0.019196053
orange,42,0.417731481,0.250654484,0.302635453,0.460194631,0.263453389,0.324956381,0.452656453,0.262045462,0.269339866,0.424297787,0.002547907
orange,43,0.396574074,0.250689604,0.360972432,0.303626699,0.267453664,0.373724148,0.318818995,0.213106258,0.334419767,0.276986801,0.005961063
orange,44,0.217083333,0.194555204,0.332106792,0.282363066,0.198833699,0.309888809,0.274041464,0.183262339,0.314788032,0.260930327,0.004546513
orange,45,0.122361111,0.181403823,0.198489906,0.184000895,0.184876857,0.209295674,0.192879321,0.190675857,0.219080441,0.199720267,0.020403972
orange,46,0.16337963,0.20239916,0.203355059,0.187209249,0.203781879,0.210782828,0.193668933,0.204879237,0.227782017,0.205141266,0.014141179
orange,47,0.100185185,0.177216333,0.195307155,0.177827804,0.180068362,0.192822511,0.18106476,0.185719598,0.204362835,0.18917695,0.021714293
orange,48,0.131157407,0.176608573,0.195265431,0.178007823,0.178127105,0.192690208,0.181071839,0.184450395,0.205196487,0.189800681,0.017836378
orange,49,0.281759259,0.269783884,0.418927952,0.359469035,0.27729888,0.420096542,0.361376059,0.256578034,0.447440047,0.382271873,0.007628141
orange,50,0.383564815,0.327596395,0.421931657,0.360885354,0.312482341,0.41940041,0.360278129,0.382515482,0.454441188,0.386276735,0.009429582
orange,51,0.849722222,0.417408748,0.508627008,0.586396742,0.414675781,0.477265583,0.550595559,0.445520252,0.464274071,0.553063112,0.025770446
orange,52,0.648009259,0.424042575,0.501799535,0.582848617,0.41513303,0.46430922,0.542106889,0.472242689,0.468973983,0.555759706,0.122495294
orange,53,0.859490741,0.364219027,0.47228045,0.568627212,0.368317765,0.441545275,0.528959001,0.401047264,0.441882289,0.539528195,0.247322678
orange,54,0.348981481,0.275111277,0.387713604,0.317796486,0.261843263,0.36171324,0.308656426,0.222773039,0.379831441,0.305791967,0.007714532
orange,55,0.170555556,0.196184506,0.294378917,0.248193917,0.193977946,0.281959057,0.240455559,0.209103518,0.337046271,0.277073444,0.012125434
orange,56,0.12125,0.175497674,0.173159328,0.164710214,0.177002371,0.164293259,0.162561865,0.181924303,0.18802748,0.178351361,0.018784886
orange,57,0.424444444,0.314122904,0.405386546,0.348595482,0.297381075,0.396204461,0.343999496,0.396216632,0.438640903,0.375703012,0.024656375
orange,58,0.823194444,0.402048188,0.476131585,0.566702517,0.381165171,0.430249743,0.519872367,0.470330715,0.451094382,0.543877267,0.246423498
lime,1,0.108009259,0.177787077,0.162136188,0.15315448,0.180557536,0.165350096,0.157911233,0.192978442,0.164140363,0.159236563,0.00034355
lime,2,0.109907407,0.181383405,0.162080504,0.153533765,0.184794016,0.164699563,0.15759104,0.196631463,0.157669686,0.155186414,0.000800866
lime,3,0.106064815,0.18162165,0.170006051,0.158761492,0.183985157,0.180954789,0.168447676,0.199466257,0.162273028,0.158433543,0.000727426
lime,4,0.098981481,0.150409006,0.167074746,0.156420172,0.18848581,0.177043505,0.165751112,0.158285087,0.162332067,0.158016623,0.000226846
lime,5,0.074027778,0.175636246,0.158484135,0.150093933,0.175535374,0.163970128,0.15322168,0.182289318,0.156755795,0.150294744,6.84E-05
lime,6,0.0775,0.176490499,0.168442008,0.156596713,0.177298153,0.178224889,0.162856472,0.184508464,0.162503966,0.154381683,2.29E-05
lime,7,0.089444444,0.174462443,0.167352882,0.155489628,0.178171482,0.172541895,0.158806585,0.188007349,0.163048563,0.154161536,6.81E-06
lime,8,0.069259259,0.172063585,0.160791954,0.151605046,0.171337811,0.155370593,0.147362204,0.175829115,0.158505709,0.150894104,6.31E-05
lime,9,0.090833333,0.172063585,0.182411696,0.165886514,0.171338769,0.169564311,0.156717511,0.17594636,0.168472923,0.157682049,3.31E-05
lime,10,0.067546296,0.172063585,0.154723649,0.153739363,0.171335666,0.147093471,0.155481974,0.175768318,0.161228057,0.154485062,0.000792238
lime,11,0.093888889,0.172059708,0.176358751,0.162830322,0.170543401,0.172577786,0.162872446,0.175829908,0.162178661,0.158079693,0.000563568
lime,12,0.071481481,0.172060492,0.160847537,0.152845154,0.171111595,0.155990433,0.151864254,0.1753865,0.157878338,0.154969696,0.000605025
lime,13,0.100787037,0.172068999,0.18247481,0.167133315,0.171131029,0.170400836,0.16142242,0.175366168,0.167663694,0.16160206,5.82E-05
lime,14,0.076990741,0.172063585,0.153818362,0.147117809,0.171336465,0.145162326,0.140448213,0.175291115,0.155364062,0.148517202,4.62E-05
lime,15,0.091666667,0.172063585,0.169623269,0.157840544,0.171336075,0.154978313,0.147136412,0.17529584,0.17506647,0.162489387,3.10E-05
lime,16,0.073101852,0.172063585,0.144960699,0.146929871,0.171335666,0.140535769,0.150967876,0.175291549,0.160764038,0.154137199,0.000117373
lime,17,0.110324074,0.172063585,0.154725972,0.148847024,0.171335706,0.147017903,0.145829059,0.17528978,0.16039661,0.156638562,0.000638593
lime,18,0.086018519,0.172063585,0.143440465,0.14098432,0.171335666,0.14022691,0.14115342,0.17528978,0.152128088,0.150790579,0.000643929
lime,19,0.080648148,0.172063585,0.144960699,0.142036082,0.171335666,0.140535769,0.141377557,0.17528978,0.160304538,0.156556746,3.75E-05
lime,20,0.072037037,0.172063585,0.14325466,0.140893114,0.171335666,0.140047215,0.141063816,0.17528978,0.149754693,0.149107901,3.53E-05
lime,21,0.206157407,0.236826892,0.164537706,0.356726419,0.238396902,0.166457291,0.280672621,0.224920444,0.159763758,0.345767382,0.001807912
lime,22,0.165648148,0.201099703,0.160576609,0.152240251,0.240982696,0.162355947,0.155799988,0.193911805,0.158901093,0.15547482,0.000675529
lime,23,0.043564815,0.190895995,0.145075774,0.145953324,0.199406474,0.145239659,0.150101282,0.1918326,0.156778755,0.156033172,0.001600387
lime,24,0.072731481,0.222083187,0.148714473,0.156397554,0.238041271,0.150776113,0.16710802,0.21004294,0.159709754,0.161767035,0.001743126
lime,25,0.073101852,0.239466626,0.152992671,0.158997109,0.264183712,0.158183095,0.171809456,0.222506902,0.165163136,0.165580488,0.00288031
lime,26,0.118564815,0.198570414,0.167569189,0.163586541,0.253001596,0.165191272,0.17454537,0.185635782,0.237877051,0.208932876,0.002861608
lime,27,0.146388889,0.172069352,0.164681462,0.163985981,0.220277222,0.160828736,0.164598373,0.169476831,0.235228032,0.266269498,8.72E-06
lime,28,0.067268519,0.19262085,0.160203914,0.161964554,0.2108679,0.166664847,0.183519509,0.194237859,0.159083438,0.153504509,0.000162253
lime,29,0.085648148,0.19641445,0.169547819,0.16369453,0.222449383,0.17953773,0.177517274,0.19913867,0.160158411,0.15412342,3.07E-05
lime,30,0.098657407,0.161208196,0.16480776,0.160281138,0.218920675,0.173686421,0.173178302,0.162245824,0.158597676,0.152533482,0.000487924
lime,31,0.067175926,0.172405917,0.177215625,0.168485055,0.179571681,0.18046717,0.178134709,0.177678873,0.165168331,0.157551662,0.001001492
lime,32,0.074675926,0.172063585,0.160357672,0.157668041,0.176398234,0.156405779,0.161840461,0.177226113,0.171731642,0.161881223,0.001081375
lime,33,0.710648148,0.271880327,0.289301673,0.442909293,0.258649003,0.256566848,0.343158669,0.235331525,0.238639105,0.400874281,0.033714125
lime,34,0.664212963,0.372419238,0.433732105,0.542263369,0.325624663,0.353287979,0.411428372,0.329144424,0.350036716,0.478014142,0.093090756
lime,35,0.457268519,0.385340894,0.436051709,0.538916809,0.346834436,0.344627231,0.405686235,0.372711207,0.433704065,0.528792901,0.060642269
lime,36,0.39212963,0.252869944,0.307518174,0.46750682,0.207573172,0.234157614,0.332766985,0.286424686,0.333596905,0.470832891,0.049353499
lime,37,0.232777778,0.253573173,0.259918959,0.236603676,0.277455263,0.286809778,0.269142539,0.216283489,0.199037133,0.182153494,0.005534527
lime,38,0.186018519,0.332903703,0.382435072,0.318694942,0.374430182,0.410637162,0.35065402,0.246094763,0.260955279,0.225688829,0.003732864
lime,39,0.185231481,0.298459206,0.385763688,0.337281871,0.345581557,0.396432806,0.356360322,0.229309449,0.340509391,0.284925623,0.002507842
lime,40,0.076805556,0.199158028,0.171791796,0.170409294,0.233267555,0.221313034,0.221188894,0.191737704,0.159488289,0.153649036,0.005846291
lime,41,0.128611111,0.210995916,0.184454171,0.17911019,0.269610368,0.257273922,0.246710228,0.194795795,0.166640027,0.158731352,0.004083233
lime,42,0.136435185,0.218831133,0.175149839,0.168737091,0.283810761,0.233405468,0.232378484,0.203757779,0.165784846,0.161374366,0.000309682
lime,43,0.114166667,0.172665054,0.187895707,0.169819533,0.197297882,0.205232054,0.187678972,0.178851451,0.171893529,0.160988174,0.001594076
lime,44,0.08337963,0.172095535,0.155396577,0.148072912,0.177288387,0.159923626,0.155569467,0.177676212,0.163139634,0.154904612,0.001805296
lime,45,0.72537037,0.42070862,0.466788314,0.560590357,0.335876415,0.38175595,0.426965829,0.393099953,0.390246248,0.50628353,0.121895119
lime,46,0.572175926,0.426706988,0.453299109,0.550720879,0.34322137,0.369497741,0.418653196,0.430284734,0.403645673,0.514778656,0.09888911
lime,47,0.825833333,0.311580215,0.400002503,0.519859713,0.239923377,0.294876966,0.371454551,0.360231325,0.385402609,0.502636254,0.127275726
lime,48,0.710138889,0.345987235,0.392034314,0.514790621,0.249444926,0.287774703,0.367335848,0.410773912,0.40853937,0.518884231,0.112743093
lime,49,0.210185185,0.379798651,0.442562433,0.385135052,0.363290631,0.423917931,0.379352338,0.288917227,0.337751402,0.290908113,0.005563684
lime,50,0.16912037,0.391004161,0.432714239,0.376065883,0.365595653,0.405351575,0.36485367,0.341824992,0.352379881,0.300345015,0.004093335
lime,51,0.13537037,0.197589648,0.235891564,0.212691629,0.246858787,0.292919803,0.274984243,0.183800036,0.183292375,0.174151749,0.004328142
lime,52,0.147731481,0.219292778,0.231353602,0.209834097,0.257441907,0.280629179,0.267214172,0.186808899,0.187147745,0.176868421,0.000619245
lime,53,0.107175926,0.173227488,0.17846188,0.171371322,0.198214845,0.207803475,0.21471404,0.178345153,0.181949353,0.173210275,0.000948314
lime,54,0.090092593,0.172241529,0.145771098,0.141341901,0.177565497,0.157308856,0.153756904,0.176952913,0.164045077,0.155591686,0.001809304
lime,55,0.506342593,0.364446972,0.390635645,0.509069217,0.274850737,0.302727032,0.374141118,0.405791528,0.402995292,0.515514057,0.101627508
lime,56,0.773842593,0.293067676,0.335588177,0.473831578,0.219321725,0.243941214,0.335121769,0.400586596,0.3794898,0.498709762,0.12507449
lime,57,0.251527778,0.317156961,0.385441277,0.34428601,0.278005362,0.327793726,0.313688814,0.310827359,0.360497563,0.306900889,0.011500185
lime,58,0.15962963,0.195617936,0.236065026,0.217026381,0.210742479,0.254673944,0.250081175,0.185398889,0.197411816,0.184835691,0.001214937
lemon,1,0.12087963,0.181704097,0.161883414,0.158252958,0.187623007,0.167488498,0.166256423,0.186880876,0.15591399,0.14891564,0.001486223
lemon,2,0.075185185,0.177326589,0.154459282,0.153536528,0.183620859,0.161882093,0.162431575,0.191104226,0.155718678,0.149325224,0.002420248
lemon,3,0.084027778,0.181994936,0.164048329,0.159717713,0.190179958,0.179132211,0.173454757,0.192435669,0.15697779,0.150235797,0.002003053
lemon,4,0.127175926,0.159265928,0.165472689,0.160931866,0.196426203,0.177787554,0.173158035,0.124080373,0.156454143,0.149754552,0.000957373
lemon,5,0.076296296,0.172517683,0.149672794,0.143163979,0.174568972,0.154971903,0.14665869,0.182670643,0.158360006,0.150928702,0.00021787
lemon,6,0.107175926,0.178099952,0.159087067,0.148968875,0.182362422,0.169197757,0.155852962,0.185502036,0.159972478,0.152050056,0.000158307
lemon,7,0.120324074,0.181035961,0.159712586,0.149388177,0.187889881,0.166945806,0.154748875,0.188458817,0.159703638,0.151838187,9.21E-05
lemon,8,0.080694444,0.173342447,0.155981384,0.147443567,0.174301012,0.15678942,0.147975586,0.177408075,0.153664392,0.147269429,0.000226928
lemon,9,0.089537037,0.17328551,0.168970477,0.155368934,0.174154517,0.170084396,0.156097672,0.176223003,0.156489775,0.149109121,0.000180531
lemon,10,0.090648148,0.173298936,0.179324831,0.167043519,0.174437935,0.162770196,0.162930975,0.17590528,0.178371753,0.164510217,0.001279744
lemon,11,0.097083333,0.1764646,0.171616299,0.164277513,0.177965288,0.178535609,0.172873814,0.176060871,0.155507123,0.148540425,0.003287977
lemon,12,0.090833333,0.173780717,0.161014417,0.157890848,0.174870939,0.162475794,0.163160691,0.176899527,0.153011166,0.146992184,0.003866279
lemon,13,0.09037037,0.176292784,0.17455358,0.16630484,0.177458753,0.1766905,0.172037604,0.175892811,0.155375155,0.148461409,0.000720232
lemon,14,0.09125,0.173314987,0.151283552,0.14440378,0.174465237,0.149899581,0.143491483,0.176466996,0.150753409,0.145393514,0.000230171
lemon,15,0.104907407,0.173202216,0.184464281,0.165048982,0.174328537,0.170297834,0.156408264,0.176345957,0.160937503,0.151983651,0.000198939
lemon,16,0.092361111,0.173248434,0.146880314,0.147093746,0.174401073,0.144582418,0.151369856,0.175613095,0.165653892,0.155899953,0.000308876
lemon,17,0.095972222,0.174142781,0.184501368,0.172205163,0.175179433,0.167835972,0.166365624,0.175618656,0.177858439,0.162777916,0.003865247
lemon,18,0.087453704,0.173433462,0.144048265,0.147022675,0.174595634,0.143439909,0.15070646,0.176226512,0.148691357,0.143935948,0.004378732
lemon,19,0.079351852,0.173366092,0.1473589,0.149228865,0.174524207,0.144989669,0.151726867,0.176033036,0.165399701,0.154352738,0.000523855
lemon,20,0.084027778,0.173247035,0.143274948,0.146769532,0.174399907,0.142673423,0.150385928,0.175485795,0.148624302,0.143888028,0.000208364
lemon,21,0.079351852,0.191581932,0.155779546,0.184322718,0.205773159,0.162361589,0.187836035,0.20075388,0.153080075,0.159985337,0.000583494
lemon,22,0.11125,0.180356656,0.156186495,0.154716458,0.223191788,0.160659192,0.161770643,0.134341162,0.152735652,0.146497267,0.000563908
lemon,23,0.055694444,0.177344223,0.144265617,0.142399461,0.18563652,0.145623375,0.146510903,0.193410583,0.158353746,0.156786794,0.004460663
lemon,24,0.068657407,0.186040242,0.144765501,0.146209364,0.20092757,0.148911814,0.157787684,0.209658271,0.162315439,0.162121038,0.003772419
lemon,25,0.108842593,0.204667158,0.1468167,0.147425414,0.228283008,0.152384188,0.160003832,0.214370803,0.166378097,0.164970427,0.005691783
lemon,26,0.152361111,0.195018417,0.15404441,0.149701935,0.244012974,0.154925872,0.16123334,0.142434271,0.21768654,0.196592738,0.005620956
lemon,27,0.157037037,0.182528908,0.153697524,0.156297289,0.222952629,0.152178577,0.154717494,0.132927613,0.213676278,0.23571323,9.49E-06
lemon,28,0.080092593,0.180931986,0.149558213,0.152333872,0.192568077,0.15716738,0.17281312,0.203078172,0.159068083,0.159369874,0.000647363
lemon,29,0.106759259,0.184404069,0.156497695,0.152705012,0.200302908,0.167943065,0.166093294,0.203313765,0.159946361,0.153126249,0.00014919
lemon,30,0.130324074,0.174881356,0.156954356,0.15292305,0.21867499,0.164763288,0.164095586,0.133971092,0.158341527,0.151742959,0.000891836
lemon,31,0.08912037,0.173379338,0.165455316,0.158283964,0.174792266,0.170414157,0.167322473,0.180005649,0.158598197,0.151767298,0.001595242
lemon,32,0.089212963,0.173330858,0.189673287,0.173675866,0.174457539,0.171099267,0.168297336,0.17627207,0.178778777,0.164779708,0.001651261
lemon,33,0.150925926,0.198739464,0.18912682,0.205691386,0.205087956,0.187770046,0.204600077,0.206921576,0.170979585,0.172700212,0.01734679
lemon,34,0.218240741,0.22953511,0.221451687,0.228141884,0.240875865,0.223022115,0.22841439,0.215670089,0.189918349,0.185482293,0.029696899
lemon,35,0.25287037,0.275679139,0.236142397,0.237838683,0.291012812,0.229474526,0.233624246,0.225160076,0.269062643,0.235037099,0.016105695
lemon,36,0.151944444,0.183397278,0.194093369,0.210343835,0.182294032,0.192195482,0.208274544,0.180244541,0.163005069,0.167652299,0.014878625
lemon,37,0.157222222,0.203617495,0.215145873,0.195616912,0.220766017,0.250977319,0.234982547,0.221837091,0.190902782,0.180698799,0.048404073
lemon,38,0.320833333,0.269710939,0.315548054,0.256333435,0.308313224,0.371226811,0.309117097,0.236917496,0.215612843,0.196624206,0.029619244
lemon,39,0.375648148,0.270727598,0.336987988,0.467634991,0.325142442,0.372680607,0.450734133,0.179391311,0.274699434,0.448288705,0.010478678
lemon,40,0.152685185,0.188850903,0.187340031,0.178302354,0.208502908,0.228972735,0.2212852,0.21075566,0.172426715,0.16875505,0.051087666
lemon,41,0.197407407,0.21638107,0.243111122,0.219440358,0.256895062,0.291246448,0.264266321,0.221074321,0.185057698,0.177417455,0.035710134
lemon,42,0.197824074,0.263634461,0.240233591,0.237458611,0.30384884,0.275698804,0.275226368,0.218430546,0.178596956,0.174730613,0.000736678
lemon,43,0.143796296,0.177761989,0.17682738,0.161160473,0.183685066,0.190880412,0.170455027,0.18233288,0.162469215,0.153601045,0.000620001
lemon,44,0.102731481,0.173401881,0.18000854,0.162523607,0.174469995,0.166577132,0.154706789,0.176608321,0.180960001,0.16536097,0.00059332
lemon,45,0.26212963,0.247661588,0.414924509,0.356783753,0.248523206,0.369130372,0.32425838,0.218000684,0.322057707,0.269653283,0.038605505
lemon,46,0.417962963,0.349531856,0.438647978,0.370352176,0.318870456,0.380607804,0.331051682,0.314251071,0.428683414,0.336210231,0.027122407
lemon,47,0.223333333,0.199600209,0.236903752,0.237668165,0.188474967,0.210897531,0.220382786,0.181412035,0.19441677,0.187944415,0.038628879
lemon,48,0.218842593,0.196186101,0.245974907,0.245114299,0.186276791,0.217336476,0.225511476,0.181452411,0.294410506,0.252546588,0.031474778
lemon,49,0.535462963,0.362316453,0.472415582,0.555427226,0.356774315,0.447486526,0.498868035,0.252075138,0.33714436,0.489862191,0.033984274
lemon,50,0.630138889,0.456522953,0.496218543,0.568173945,0.407870054,0.452615311,0.501005011,0.39678602,0.40553072,0.53274571,0.020980346
lemon,51,0.269166667,0.284343507,0.424424609,0.346122934,0.298743785,0.399996535,0.347958066,0.228567229,0.328518051,0.270352336,0.039397355
lemon,52,0.332685185,0.389838349,0.443108112,0.360298632,0.363198037,0.406081311,0.353388105,0.268096194,0.42613187,0.333189574,0.0151384
lemon,53,0.217268519,0.195865925,0.25656973,0.248609845,0.209943576,0.256944126,0.262284093,0.184312145,0.190192423,0.182867381,0.027312027
lemon,54,0.143657407,0.173720105,0.159415327,0.151564748,0.175453332,0.170228813,0.158421806,0.177342185,0.174025348,0.160854022,0.000668552
lemon,55,0.601435185,0.366092384,0.429360645,0.35665857,0.288511617,0.352750686,0.310638703,0.463571101,0.433555217,0.338926985,0.022988096
lemon,56,0.253101852,0.187671274,0.301205044,0.290087989,0.181792938,0.238044525,0.242141641,0.192807421,0.401993958,0.319119748,0.03257723
lemon,57,0.894444444,0.414055175,0.446703128,0.538402428,0.352487746,0.384364277,0.457622319,0.477981703,0.437696145,0.552726525,0.32617946
lemon,58,0.464953704,0.379653347,0.412307271,0.33475921,0.324107341,0.355973993,0.317949972,0.381154067,0.430555949,0.333499547,0.037416187
